"","p.fresas","p.vitam","p.sexo"
"1",19.9549776816596,6.13568189642632,1
"2",24.9629759654926,8.91931251282491,1
"3",33.8532573706297,12.8682866714899,0
"4",33.2043673627126,11.1350237188724,1
"5",26.3424751933592,9.4712112900096,0
"6",28.4971116505615,9.58996571280584,1
"7",29.5789382974838,10.4763420070434,1
"8",26.7997092370227,9.78877791983417,0
"9",16.3828164927619,5.38471449288626,1
"10",32.6193496339484,12.236348842011,1
"11",32.4188103879881,11.2339375801852,0
"12",28.0285573754313,10.4292206181166,1
"13",20.2604550730767,7.42622838827945,0
"14",20.0454203424823,6.98877902555322,0
"15",31.5768465818083,11.001186926705,1
"16",32.398692356368,11.601067456031,1
"17",29.9110814533042,11.5065779485516,0
"18",24.3246443433375,8.88636436762383,1
"19",24.6818542663499,9.21625000253115,0
"20",31.4517754046451,11.6034142389443,0
"21",34.1116462943065,11.6503729154604,1
"22",24.1572480343653,9.2015211681972,0
"23",34.5166718182023,12.0752737257128,1
"24",24.6271728228848,9.01672688451552,0
"25",29.3951569655181,11.7554473724453,0
"26",33.2194812916225,12.7557908037774,0
"27",24.4202607457378,8.13857968776682,1
"28",42.7559142260796,16.4479662334029,1
"29",34.1585987128361,11.5974518374121,1
"30",23.9481473931506,8.35297297271584,1
"31",27.3543965173231,9.41912030101531,1
"32",26.839810187725,10.2890740560941,1
"33",27.5716950932848,10.0480292827249,0
"34",26.485622394869,8.76897061225169,1
"35",28.8360937408742,10.4856884140235,1
"36",26.7718194338771,9.51734823035493,0
"37",33.5605219522622,12.4194012147232,0
"38",32.9864400774031,12.4144167376615,0
"39",23.7503807318818,8.61956131259044,0
"40",33.256674038149,11.2228444603167,1
"41",26.86874170701,9.71343528714421,0
"42",22.4829589795417,7.81005937712842,1
"43",20.4023575605846,7.0387861886745,1
"44",21.5272351866667,7.76647789846438,0
"45",24.3848212524615,8.35052328258234,1
"46",32.0529517593837,10.8643013038254,1
"47",29.1285382655698,9.84595850766126,1
"48",27.31675027508,10.2552192136926,0
"49",32.4907019979531,11.7011984653279,1
"50",20.9164462059088,7.29898123580229,1
"51",32.2050890244133,11.5547292970924,1
"52",25.6661001811678,8.83955832048799,1
"53",28.9270601607017,10.143243335378,1
"54",25.0060929948814,8.97936809974695,1
"55",27.7132089884039,10.2488336146376,0
"56",27.5705890645215,10.4459688628878,0
"57",28.7890398257778,9.6974770810117,1
"58",21.3091917954906,7.85294131862146,0
"59",35.9166947482757,13.3192745599521,0
"60",22.9703029079207,8.70877093372407,0
"61",32.6391667181723,11.6279169996934,0
"62",28.6456694227423,11.0060626854612,0
"63",23.0101437259237,8.91242917637915,0
"64",18.3047855972914,6.42286813772325,1
"65",18.9219203642663,6.7503713973918,0
"66",31.6833215997042,10.6262234279532,1
"67",23.7469977241555,7.69539645465241,1
"68",32.0779993216475,11.9426504872356,0
"69",25.2787408325601,9.73784640919678,0
"70",26.9241360696463,8.93294060791616,1
"71",35.6674917022633,12.6981242125073,1
"72",29.7597552492496,10.8168023289951,0
"73",32.3167755304599,12.1962079610887,0
"74",28.2254565292889,10.4924706737821,0
"75",30.3927364654004,10.3512302751252,1
"76",29.7606795323585,10.7211909597297,1
"77",32.513985963741,12.2744281468123,0
"78",30.4035377127563,10.7123522559647,1
"79",22.5393555490133,7.45411574560253,1
"80",25.4752774347518,8.70200610046427,1
"81",32.5027692560398,10.8128670697143,1
"82",22.9995312399229,8.65319136301509,0
"83",31.2698429478991,11.0096567935877,1
"84",31.2763960913812,11.3028981962275,0
"85",24.1383381007544,8.55711111522012,0
"86",25.8035949945805,8.95676601507715,0
"87",23.0432754175998,8.08223577578714,1
"88",26.362636170631,9.07667199798088,1
"89",28.4348622939436,9.97231079093459,1
"90",37.1036440898844,13.7428117333736,1
"91",28.8630898633908,9.83563531294003,0
"92",22.4072660934945,8.93627912925006,0
"93",25.4000251239227,8.68955169323667,0
"94",27.7945386670784,10.0923677176826,1
"95",30.7526326610603,10.2724778873633,1
"96",30.3034484601671,10.1322979532449,1
"97",32.1373261383545,12.0506916768105,1
"98",33.526690997464,11.9225586470989,1
"99",27.8645701318017,10.3034490394101,1
"100",33.8488644278212,12.084954677189,1
"101",23.8797717328216,8.37841946634967,1
"102",25.9250211155033,8.83492313965135,1
"103",30.3942352841967,11.1804025392127,0
"104",18.8231362105085,6.98877781241391,0
"105",29.9460222509132,10.1160344022938,1
"106",40.2940357520073,14.5884604100637,1
"107",19.5964095573382,6.18039046764617,1
"108",29.3784445131086,11.06872778459,1
"109",25.2489670916151,8.75834259278763,1
"110",35.9703786783228,14.3387959686955,0
"111",19.2792623064137,6.14791538433451,1
"112",30.2021128606841,10.1805845698131,1
"113",28.4494291716822,9.5184624462585,1
"114",32.2231783807338,11.5370682382142,1
"115",27.6107314008909,10.5654033631836,0
"116",28.237257574516,10.5827628625578,1
"117",29.9927506977671,11.2832789405099,1
"118",23.6194199939349,8.79187741139857,0
"119",23.6529988471843,8.11870284889073,0
"120",27.4670955632237,9.61817586603033,1
"121",25.3458950994698,8.35992030831917,1
"122",35.9659487096786,12.5945038521536,1
"123",35.2882988313912,13.1557736255232,0
"124",24.3102004297933,9.16680171343344,1
"125",29.0854683728368,10.393003890489,1
"126",37.6211576204203,13.3475026406451,1
"127",29.1054777155626,10.1027662912051,1
"128",30.3736904257587,10.8084833088872,1
"129",37.1761775868849,13.5402038116389,0
"130",26.4845071093918,8.89143514061724,1
"131",32.1183911491585,11.8166917381945,0
"132",33.2780969147425,12.0072563000074,1
"133",27.4469963668364,9.57802917785842,0
"134",32.5429202711873,11.602591666438,1
"135",27.1946665970286,10.3136505078017,1
"136",30.0568466650917,10.9497234873539,1
"137",30.7566579829024,11.2456500318692,1
"138",32.5985631421303,12.8559733040124,0
"139",30.0914115634052,10.6976275483118,0
"140",21.4519969366115,7.22071855400827,0
"141",20.1213952474207,7.95697394416228,0
"142",28.151198454395,10.0668115909794,0
"143",29.6649868354379,11.5944116224204,0
"144",25.2998990358037,8.49800112106795,1
"145",30.5401349610619,10.6242404784939,1
"146",28.739977377289,11.1185875696163,0
"147",26.0708357760656,9.70578836984651,1
"148",27.1940696676223,9.60744327155483,0
"149",24.3701851488082,8.09005864893129,1
"150",25.3054220296598,9.92608961750204,0
"151",27.3559796285459,9.31785534055039,0
"152",28.2656733854311,9.27433560716522,1
"153",15.5737093412099,5.39039222388303,0
"154",20.3279928117122,7.59426945721829,0
"155",31.8079843075429,12.10775907133,0
"156",30.7144022152028,11.2986323209918,1
"157",20.7136761644672,7.22357022974183,0
"158",26.479166090433,10.0586612907947,0
"159",25.0694620085366,8.37457495076489,1
"160",28.6540105676285,9.79222175669869,1
"161",18.4724559845781,5.38552490468163,1
"162",23.3418432735582,8.50920011013641,0
"163",33.5856658252477,12.2600757497139,1
"164",25.6540385871575,9.18707977373193,1
"165",30.7655724284307,11.4693704040129,0
"166",25.6009915189828,9.82089702755074,0
"167",28.9600095996863,9.9611614948856,1
"168",27.3728090942998,9.80662776929843,1
"169",23.9503315921596,8.95120118141754,0
"170",29.2539460835733,10.5622293088331,1
"171",19.5345270097736,5.45315934175608,1
"172",35.871753671855,12.5153393872669,1
"173",36.5363515302676,14.4428607111364,0
"174",37.7235300787623,14.0556450949044,1
"175",27.2704507681982,9.14238286088698,1
"176",25.46840089984,9.35371209268432,0
"177",23.0566222183129,7.69153068029552,1
"178",27.1845726475976,9.2771254615042,1
"179",33.5920199483219,11.8278685004768,1
"180",21.3451941560206,8.417946642499,0
"181",25.0901849916112,9.10453746918837,0
"182",32.6756330811409,11.4382676866196,1
"183",42.160644385582,16.3050633685849,0
"184",23.9053612106129,8.44778785874553,1
"185",30.1045737579144,10.9347587008834,1
"186",22.6907779142264,8.30353364791353,0
"187",33.3432668769558,12.7112822248471,1
"188",28.7592916630689,10.5411487539916,0
"189",26.1140637086527,9.98164464724069,0
"190",30.1233126698522,10.7270539855624,1
"191",27.3769382208033,9.56981546701963,0
"192",27.7086877034666,9.57528699989668,1
"193",23.9651342255402,8.91265157260628,1
"194",17.6200565874237,4.68350517473453,1
"195",22.297220386945,8.38433736041291,0
"196",23.4324113366454,8.02870221524251,1
"197",29.899674148253,10.8822570585365,1
"198",31.9494391299309,11.9691661009711,0
"199",25.1877843339042,8.44069540034723,1
"200",26.4071304213258,8.78456159975916,1
"201",19.8219254400898,6.66480363769445,0
"202",32.0078119149081,11.2173840742348,1
"203",33.2765330807863,11.3604209818917,1
"204",29.0735346775586,10.7799426204141,0
"205",29.9259668975467,10.1146093188454,1
"206",21.8486341338706,7.92980456265876,0
"207",29.663843326189,10.5058836472012,0
"208",25.7144639944978,8.5545278326065,1
"209",31.1915428360093,11.1483066495917,0
"210",28.9349059871631,11.0225346929907,0
"211",40.6427022373135,14.5838062720362,1
"212",30.5625318126904,10.4365347280514,1
"213",32.486226877542,11.6523960012949,0
"214",29.0270156003541,11.1196349521635,0
"215",26.9975899399616,9.02439588163111,1
"216",37.3821698766451,13.8796490367114,1
"217",31.6173549759141,11.7221034505649,0
"218",24.8138478579194,9.16332193889754,0
"219",20.684978528056,6.85429345364418,1
"220",25.6369758446485,8.62124117317649,1
"221",22.0144680721994,7.95232859075032,0
"222",29.0587490438272,10.8182559677224,0
"223",21.0328212217147,7.75018684710109,0
"224",24.1464554802631,8.458503091044,1
"225",28.1495787668398,10.7135788154733,0
"226",23.1350705251659,8.49041529234418,1
"227",25.5551530144047,9.24143244866669,0
"228",28.6343125488023,9.44300914499737,1
"229",30.5743633951581,10.5612151495733,1
"230",21.9142785579155,7.91888184433802,0
"231",17.7796404789382,5.89310218825162,0
"232",24.3392481914838,8.53938294263876,0
"233",28.9028316287649,10.2534578127239,0
"234",39.5734645457781,14.3201579978775,1
"235",29.5758029009569,10.1436804358809,1
"236",25.3686568399987,9.75526549193963,0
"237",23.2036809626498,8.19823828592043,0
"238",23.6275959456432,8.56978360680822,1
"239",34.3013457758228,13.2252760293371,0
"240",22.5621636908474,8.74635959885665,0
"241",20.9674295308506,7.05580035221703,1
"242",38.9149600045308,14.2586384073826,1
"243",28.6144032805037,10.4782174360685,1
"244",31.0685267959527,10.4179697370864,1
"245",24.1054869106542,8.88943050224615,0
"246",26.4569547441665,9.72774476236073,0
"247",30.087502984683,11.2083377275904,0
"248",24.1443453509323,9.07896235130769,1
"249",36.4821526757523,12.9968892718847,1
"250",32.8428392545027,11.3601898404161,1
"251",26.7756606238813,9.40360696387619,1
"252",32.543299755447,11.5257789939366,1
"253",27.5794076545178,9.13425400704231,1
"254",28.2573742708692,10.1617575540009,0
"255",29.5386801592593,11.2164375926975,0
"256",36.8014899604007,12.8337131382974,1
"257",26.6507310764878,10.4653858520728,0
"258",23.7113538763629,8.94992920625572,0
"259",27.4409686870409,10.4909683250283,1
"260",33.3668822041998,12.0968825381393,1
"261",31.7872324738252,11.1685253582111,0
"262",34.037230005472,11.8562708948126,1
"263",34.9435112120688,12.9472035869266,1
"264",32.3380289572963,12.4224235789062,0
"265",30.6037232306952,11.4068828545715,0
"266",16.5274085686004,6.59056018401836,0
"267",14.5758146593074,5.33869297196961,0
"268",30.9184788482509,11.3609210744281,0
"269",32.8598041425099,12.2944648720357,0
"270",29.0668424434352,9.9727749329301,1
"271",23.4193780926383,7.73475542062448,0
"272",36.1222475239552,13.837493511444,0
"273",32.4657691910041,12.1230721721822,0
"274",33.5455661717849,11.8353474774136,1
"275",27.4158411945567,10.0937314682761,0
"276",26.5637031430984,9.5888108564266,0
"277",19.4239308077479,6.89964546465353,0
"278",24.6631059861061,8.79579503593284,1
"279",32.2421435930227,11.4753062855009,1
"280",23.3075470755272,8.60752909187659,0
"281",28.6320065079234,10.676999649989,0
"282",33.0401204636726,12.1159573781509,1
"283",24.5985512625184,8.59874165388941,1
"284",35.6154089165303,12.7981628279655,1
"285",41.965621446431,15.3182200154814,1
"286",25.2600154454386,8.45549241162161,1
"287",29.2666153056212,10.5658416142156,1
"288",23.0498113502494,8.49067963465836,1
"289",34.5334685020702,12.1506269869489,1
"290",20.1182632478652,6.28047519230268,0
"291",32.2904231284026,12.2746010089972,0
"292",29.5331677990241,11.0534232037521,0
"293",28.2324264565804,10.0518972065724,0
"294",17.3173371095714,5.67473991164815,1
"295",24.5332071451352,8.60258914806852,1
"296",31.0343599606719,11.6035933771864,0
"297",26.8686619805305,8.88893745458948,1
"298",30.0804574756209,11.5548339716611,1
"299",29.8717435265333,11.0603081249264,1
"300",23.6879989089071,8.1573894588166,1
"301",30.4065644419624,11.6906922251222,0
"302",28.8915811572237,10.036869500652,1
"303",20.5179561049386,6.01385118971627,1
"304",28.8956907649802,11.4320961969372,0
"305",27.3688974604312,10.1537849701763,1
"306",25.2707715160192,8.9326892254777,1
"307",29.9245077128005,11.0520771118983,1
"308",29.0906556822259,10.5973132056376,0
"309",23.2931856675175,7.72926449494612,1
"310",26.1233043549499,8.47989839432521,1
"311",33.1187473437546,11.6159608484623,1
"312",23.499927884649,9.007203381967,0
"313",26.9448123440848,10.0004868788985,1
"314",37.1158552416383,13.0018650546247,1
"315",30.7439754564,11.5388447259918,1
"316",25.6198510445387,9.03929533080325,1
"317",27.8966655606162,10.0971981375816,1
"318",26.8408186128611,9.62202050681705,1
"319",37.6294638038445,13.0028240343691,1
"320",29.7935991471836,10.9113209308628,1
"321",29.7001598734361,10.8946497058427,0
"322",29.4097550181606,10.0170215478654,1
"323",20.6527028566378,7.6498774895869,0
"324",30.9146775764048,10.8331048875814,1
"325",23.6328917144496,8.63060807690492,1
"326",31.4621953857231,12.3829725191929,0
"327",29.526966049545,10.4898249081059,0
"328",22.5393551942511,8.32878450127986,0
"329",26.3622958271876,9.73088872903915,0
"330",24.2521733059999,8.72331230457849,1
"331",34.2077152714512,12.5535495778043,0
"332",31.527053934171,10.612256734524,1
"333",24.0890241958858,8.79832710578676,1
"334",26.4684270366713,9.36454182985211,1
"335",20.8388964162527,7.06752955264106,1
"336",32.3130177238266,11.5003229249189,1
"337",22.3451170086511,8.72319905446683,0
"338",32.9143024644473,11.3230394425688,1
"339",27.9127837087377,10.3463575639434,0
"340",29.4140607329581,10.426071208974,1
"341",29.5681072829561,10.9220685797115,0
"342",22.9654619087408,8.13017786679192,0
"343",30.2819525158049,11.0172719164025,0
"344",28.7898930893303,10.8553927069642,0
"345",22.1323671272075,8.08618604532712,0
"346",31.9259158843954,11.3673153490747,1
"347",30.1148105081572,10.9707371406331,1
"348",18.829608444631,6.59972627210992,1
"349",31.0382992025209,10.2746490381326,1
"350",34.2579356831679,11.2742148482386,1
"351",29.1844796021952,11.0616529585175,0
"352",25.4126974841234,8.79220778076478,1
"353",30.9088390067931,10.6317221801303,1
"354",23.6551433458141,9.03874817390767,0
"355",24.0685823473406,8.99782119123297,0
"356",28.745905893301,10.5739229518913,0
"357",32.5159977283997,11.6488608567117,1
"358",30.5231478545216,10.7512601275978,1
"359",32.168989109852,11.6449217089197,0
"360",19.9366257463032,7.62564484956701,0
"361",16.6118055798495,5.90802980537332,1
"362",35.4192706165703,13.6311878554191,0
"363",27.9812319390026,10.6074409094252,0
"364",26.0225434116915,10.1355420446809,0
"365",20.6796201768659,6.73504758758721,1
"366",26.7841837486573,9.2971019175242,0
"367",23.5463871437727,8.41086497067479,1
"368",29.7386199605182,11.6144312169492,0
"369",29.7689302034657,10.9782393624771,1
"370",25.3333435116454,9.09328613541688,1
"371",27.7201538052699,9.97884986743597,0
"372",27.8600592021654,10.7927828898249,0
"373",28.1125889969129,9.92625126814102,0
"374",23.0683133715632,8.81943043759158,0
"375",25.7292596322644,8.58346254094864,1
"376",23.3153490494558,8.54226795631999,0
"377",36.9779728507562,13.3602425449935,1
"378",29.9042970097008,10.6274779403365,1
"379",23.2450280133258,7.74444716623081,0
"380",32.860006605667,12.0094684296707,1
"381",27.3643905403016,10.4261313241068,0
"382",29.6380704143443,10.3793746247864,0
"383",29.8671382015299,10.7470669595303,0
"384",20.2187900105843,7.05196920659094,1
"385",26.5646878067944,8.80952070746617,0
"386",24.0129862322057,9.53703421391669,0
"387",29.4105875057432,10.2627427248413,1
"388",28.7311061529728,10.5363715321226,1
"389",25.206339426584,8.78960971808605,1
"390",31.5489324457796,11.7516132144481,0
"391",24.934252413314,8.99088509863523,0
"392",27.1745827115594,10.3846093258871,0
"393",26.6653955894823,10.2673803715595,0
"394",21.0159786518089,7.66681430021844,0
"395",22.3544160005209,8.04519162096198,1
"396",27.1984304631344,9.93355135092863,0
"397",30.6260622739211,11.3612619863916,0
"398",31.4001459348701,11.3187225686226,1
"399",25.5328934857031,9.55668538221373,0
"400",38.5571002112558,14.0520481068937,0
"401",25.4573555422686,9.13853990186123,0
"402",19.6583710560381,6.53663094235423,0
"403",27.8110118563766,9.90341971218101,0
"404",37.2579625796568,12.9648562108177,1
"405",25.164159865497,8.1771761347361,1
"406",27.7093880192413,9.43446191554987,1
"407",31.4071622974166,11.4819428262368,1
"408",25.6556640209802,9.12819469509595,1
"409",30.7987994215966,10.4614460816024,1
"410",29.9963900997693,10.0544801460115,1
"411",24.4862504345774,9.24479657783442,0
"412",29.2441004063505,10.3747426898692,0
"413",22.5667331310124,8.63032064824845,0
"414",33.6878524421729,12.2516723957259,1
"415",42.382191645482,16.0125756399688,0
"416",26.3274407485387,9.71727832572227,0
"417",27.4497898012634,9.87331456333393,0
"418",36.0719496755058,12.7143886395941,1
"419",29.299040655118,10.4501458202114,1
"420",26.1458390933733,9.5395169776271,0
"421",29.1825992527079,11.0497477727826,0
"422",22.3596816200045,8.87462147202879,0
"423",34.1829678491914,13.3784325736976,0
"424",19.9285107165971,7.3565178129427,0
"425",35.8548068706434,13.7907916235878,0
"426",31.0544123260365,10.5695192842821,1
"427",31.1671125322249,11.3380031058629,1
"428",27.5244615638138,10.4340021247161,1
"429",23.7621916680823,8.58894151379619,0
"430",25.7608002621717,9.65347633083554,0
"431",28.5696367637416,9.59246570105231,1
"432",21.3261692824662,7.35022807318377,0
"433",26.1841098256496,10.3521883801855,0
"434",24.982827510244,8.89307233466168,1
"435",35.0875066590411,12.802678553354,1
"436",30.9434020760939,10.9396747891987,1
"437",27.0831903942502,10.4527001663495,0
"438",31.7865915543046,11.4475895684849,1
"439",22.6699394547307,8.29954971764439,1
"440",30.1333465744048,10.5657794270077,1
"441",23.8316026164554,8.17961773898391,1
"442",28.7200890365054,10.5401312700297,0
"443",24.4785609355617,8.48904564752538,0
"444",28.8601341858789,10.5606892666678,0
"445",26.8151028847247,10.246579693317,0
"446",30.2285243191803,10.857655145249,1
"447",22.0914077255778,7.69947434807864,1
"448",25.9361165554679,9.72272542930619,0
"449",27.2222748096935,10.735071866394,0
"450",20.7750513268446,6.73589575304239,1
"451",30.2538403752825,11.5940628058249,0
"452",25.057905763706,9.56831223757669,0
"453",23.4638303935062,7.63643546313776,1
"454",30.9750260447353,11.4799539266862,1
"455",34.6794270532845,12.6347372358603,1
"456",24.220649289791,8.51740678154635,1
"457",29.1276623360964,11.2353004841054,1
"458",22.5079878749199,7.70038921202213,1
"459",24.6144814960692,9.07369079689842,0
"460",24.6611793615553,8.70253184787552,1
"461",29.6929309642441,10.0145902502066,1
"462",25.1927115439479,9.71055124000948,0
"463",20.2684455093381,7.54402312225734,0
"464",19.7419694728415,7.15970993658232,0
"465",28.4850295639838,10.3994823791811,0
"466",30.2664761655424,10.8621500252234,1
"467",25.4136319493988,9.16457210599183,0
"468",35.2712887453028,12.760225656211,0
"469",32.8645061483767,12.5866638015222,0
"470",26.9066346552217,9.62957641781236,0
"471",18.3542133057085,5.63971825603185,1
"472",24.9622571162341,8.2793041652879,1
"473",25.055903842943,9.14230170409043,1
"474",17.401014633633,6.35395620744318,0
"475",21.048915049518,8.11726975305417,0
"476",37.7885834668691,13.4493425795576,1
"477",23.3619254840792,7.87495305521403,1
"478",23.2742070229564,7.82176062968199,1
"479",33.262511947184,12.281816840117,1
"480",29.1134948121002,9.82517854451998,1
"481",25.2529976035039,9.6353722528058,0
"482",33.2978039401377,12.7337030401013,0
"483",37.5837009180166,13.6092512851303,1
"484",33.2587437325714,12.0978188297322,1
"485",37.2919039917754,13.8345257335627,1
"486",19.7123241586919,7.23204262511066,0
"487",26.5952909392673,9.25146027150481,1
"488",29.6817243057584,10.3301766119447,0
"489",31.6205045308129,11.4206182161599,0
"490",19.4918752978149,6.99686743448594,0
"491",22.2596594267267,8.00343221244021,1
"492",24.7579440152126,9.001733312901,0
"493",21.1875459391153,7.61181970068399,0
"494",27.8129290139659,9.90558059412725,0
"495",37.7093184676883,13.6887344112598,1
"496",35.9875689808252,12.8302918973791,1
"497",31.870048198001,10.7705487437318,1
"498",21.2256567698825,7.36172810378603,0
"499",37.3305128062123,14.67189154486,0
"500",23.9022353848583,8.06577573924591,1
"501",27.6408732460349,9.78450735849612,1
"502",28.8041206518272,10.2073070525238,1
"503",28.6609188345802,10.1137989898612,1
"504",17.23795247348,5.84865959542914,1
"505",35.1160135994481,13.146893225747,0
"506",32.3320971428213,11.1387978210001,1
"507",21.5918697415335,7.44468851148695,0
"508",27.9310482052347,10.2703660483765,0
"509",24.6784970980364,8.0660768283217,1
"510",26.8132431352063,10.3991904127473,0
"511",32.3170457581103,11.8033597626432,1
"512",27.3397011697505,10.5662178374435,0
"513",21.6897783852855,7.39297790718222,0
"514",27.9401177613483,10.641744363524,0
"515",28.6501074770911,10.9297740422025,0
"516",31.8037156785456,11.3674122518269,0
"517",18.504281380443,6.36081570617544,0
"518",21.427100787226,8.12463502229474,0
"519",23.7586870279347,8.29791831930078,0
"520",29.5872123977788,10.9808450710302,1
"521",39.8115762144644,14.9779076085143,1
"522",28.7284965718801,10.6615798455689,0
"523",38.3782967696213,13.6278500629203,1
"524",27.2710620064834,10.7966781742052,0
"525",29.7888784238707,11.4975023180874,0
"526",30.6792495241476,10.722704312575,0
"527",31.3842008064407,11.6062150194005,0
"528",27.6995474540076,10.5332326724903,0
"529",32.3495151574137,10.610544527486,1
"530",23.1247809016301,8.51095673918667,0
"531",26.3068536208761,9.24338157143738,1
"532",24.9810878382743,7.95601510667595,1
"533",19.8246041213547,6.90509155669506,0
"534",21.697358316957,7.3781886458097,1
"535",36.362982033248,13.1267947492352,1
"536",23.158437885311,8.24871575925713,0
"537",35.3274687036288,12.8066014580412,1
"538",20.8449948328298,7.68444448522516,0
"539",20.1743770617368,7.52351884278809,0
"540",27.8498586843195,9.57438420716727,1
"541",28.236147866781,9.86233867057426,1
"542",27.3558131770762,9.59029685833715,0
"543",29.6738508578717,10.2073787491181,1
"544",23.7112587114425,8.03795493225556,1
"545",29.7138348219592,10.4882752945666,1
"546",24.7328968287002,7.75217255682668,1
"547",27.581290433757,10.2077840427881,1
"548",31.8096877493143,11.9388057612597,0
"549",28.9715530874986,10.8752239007013,0
"550",26.2615961553382,9.29315685783813,1
"551",36.0969401765775,12.932778044474,1
"552",25.1680666059304,8.45212486688857,1
"553",28.3072392087693,10.2928501020331,0
"554",35.4738121205059,12.7668711852812,1
"555",25.2857274813174,8.94207240400261,1
"556",26.67616134769,9.25921273334873,1
"557",17.4263197273856,6.32848564522653,0
"558",23.6481218706609,7.87459327998379,1
"559",22.8532402139248,8.27455564068815,1
"560",39.6942973532123,14.1429552436261,1
"561",34.2744262748184,12.0076563994351,1
"562",24.1008325863349,8.71605902439203,0
"563",31.2947465477816,12.196693304714,0
"564",27.2695185025449,10.3362345214794,0
"565",19.8379397230327,7.24193377199228,0
"566",26.6990741688432,9.37973042205996,0
"567",25.1716172488921,8.4124160867101,1
"568",20.2805077814181,7.25061516354651,0
"569",17.0974910220904,5.86458357045988,0
"570",30.22353135225,10.8550182992793,0
"571",28.2267590826552,10.3318237513556,0
"572",33.2665544594888,10.6940487409934,1
"573",30.4661107731779,10.888776285167,1
"574",15.5114098971677,4.99369516349297,1
"575",26.1822191551522,9.65953484219045,0
"576",21.3965464610479,8.05700063718035,1
"577",27.05226051459,8.87158277004909,1
"578",30.6679370526901,10.4658210688317,1
"579",22.8085367414028,7.99865767626981,0
"580",18.9577583745169,6.38803634483067,1
"581",22.513301953565,8.40189165579571,1
"582",29.8850887258423,10.5750996593589,1
"583",33.3111293228631,11.8473296113998,1
"584",31.6234458214666,11.8646828892869,0
"585",31.6282653231862,11.1020466097673,1
"586",25.8990825127665,10.0206181233412,0
"587",19.1876849373881,6.61834976913391,1
"588",28.0435252620791,9.9308673719968,1
"589",29.4807249168293,10.9260621707963,1
"590",28.2950424265865,10.1177963212959,0
"591",24.7777630409992,8.70814744046684,0
"592",25.0345080100924,8.75788704646305,0
"593",32.3793547205467,12.2409165265391,1
"594",18.1912446772695,7.00627968603065,0
"595",22.1924346514934,7.6063803999467,0
"596",38.4140820334729,13.4980300409333,1
"597",35.2986872438435,12.6439270075584,0
"598",28.6805111915837,9.83305201956982,1
"599",24.273092084342,8.50654437433777,1
"600",36.3952797614412,13.1311843455036,0
"601",16.1692523572743,6.25066489897997,0
"602",28.7016358603325,10.1335124956099,1
"603",31.031450853592,10.9112267334116,1
"604",22.33444738443,8.3237123662318,0
"605",45.1283412760754,16.5899392161019,1
"606",26.6438504356841,9.84953779624053,1
"607",24.468908858931,9.62585176150798,0
"608",32.2340011446223,11.1636443851903,0
"609",31.8438056196544,11.1754571651218,1
"610",33.2887110725307,12.1532201913689,0
"611",19.8780266018662,6.66047842914079,0
"612",30.4753316430114,10.4587969626297,0
"613",27.9415549237528,10.358832913194,0
"614",26.5293359305678,9.89305173662239,0
"615",37.569774101108,13.4171506006003,1
"616",29.855878226813,10.6003223176664,1
"617",29.3565904203195,10.1673406985128,1
"618",34.5046756859293,12.4062692900934,0
"619",26.8206071144945,10.041237642172,0
"620",30.1477941834751,10.8123580447813,1
"621",20.9770615322103,7.45314354338066,0
"622",22.4425544587223,8.0429470887868,1
"623",30.1585304913626,10.4901139966655,0
"624",32.554614775369,12.1564828546014,0
"625",30.5669951285226,11.3664428583689,0
"626",30.6740912763011,11.0568953209614,1
"627",29.2904037409422,10.5293530882292,1
"628",32.8657251062686,11.8306391438749,0
"629",27.89486782621,10.137914007984,0
"630",34.8404365733817,12.8016165461993,1
"631",22.436972830178,8.20712135456671,0
"632",27.4905324020828,9.96281980888759,1
"633",28.9760657901433,10.5095714320497,0
"634",28.2327002396175,10.0780212503257,0
"635",31.1694567809379,11.4033361237034,1
"636",27.7186645522011,9.0384146220807,1
"637",26.750206409448,9.51595638636009,1
"638",30.169880171335,12.0138858315571,0
"639",28.726549858678,10.3225535945707,1
"640",24.6852960376795,8.64487177895711,0
"641",26.5370060101374,8.73128509942957,1
"642",38.2489205366949,14.0181672972247,0
"643",20.9188127366869,7.43460474942169,1
"644",30.7382069649713,11.6442222371031,0
"645",26.5930382705215,9.24886477836974,1
"646",37.6912506200837,14.1041795102377,0
"647",26.4283517551821,9.92893115263033,0
"648",27.7823802256134,10.1344070870759,0
"649",26.1611047625623,8.94042551522696,1
"650",26.635118291559,10.088444945693,1
"651",26.6879381897191,9.57768395869704,1
"652",27.2097253629165,9.8720056764075,1
"653",32.1131091029507,11.4255875014502,1
"654",31.8787601693012,11.268927846896,1
"655",18.1774248322868,5.98910843652741,1
"656",21.3514430489472,8.02891497755979,0
"657",32.4472180509962,11.9006357558,0
"658",32.6207557846338,12.6813907303644,0
"659",40.2029773547252,14.4130395470777,1
"660",21.9831994412976,7.62365991798235,1
"661",24.1722083525416,7.76873273899541,0
"662",35.843416318976,13.5354081126623,0
"663",25.9520541514866,8.5121211141201,1
"664",20.3978781624342,7.12999821100682,0
"665",19.8794573109342,6.80586781135606,1
"666",26.2583839268736,8.64823258795892,1
"667",24.3841433680245,9.22901903065507,0
"668",25.8384495199363,10.0402426470629,0
"669",33.3156674876477,12.6044160759574,0
"670",33.9686086872898,12.7342089266228,0
"671",26.1182993492937,9.23071627702224,1
"672",26.6986623748474,8.73164297300581,1
"673",21.3573596451914,7.87272134678205,1
"674",29.963644882239,11.2606368606656,0
"675",35.4741566270746,13.1595880933178,1
"676",26.9476767106234,9.37016023424045,1
"677",29.7006874645817,10.3264504321474,1
"678",27.4829680421289,9.48927729597536,1
"679",33.0063455231141,11.692450951836,1
"680",22.1354024978338,7.8698290876667,1
"681",32.3772711968669,11.5947520319574,0
"682",18.9104819716044,6.51845625824042,0
"683",25.8186659076445,9.45241201449915,1
"684",32.2236766884827,12.0827178503918,0
"685",24.7065065735878,8.56819742860778,0
"686",32.7842953312137,11.6098678390355,0
"687",22.0631872391764,7.83141086216908,0
"688",35.0829467826938,11.6419955295416,1
"689",27.9127038341081,10.653943814272,0
"690",23.7939799952954,7.92771608245058,1
"691",27.346282765067,9.20012413516129,1
"692",31.3728567610153,11.3259042851224,1
"693",39.8302527024,15.2864758225647,1
"694",33.7339868855322,11.5003369249096,1
"695",34.2928509656003,12.6025546581189,0
"696",33.9584856265634,11.9026226887521,1
"697",30.3552854446158,10.9743234031277,1
"698",30.5358422534593,10.1051025236308,1
"699",25.1149123750115,8.3048883271448,1
"700",28.492606119264,10.4627187713499,0
"701",26.5196379464983,9.73155526406358,0
"702",41.4966143767977,15.7463638437965,0
"703",29.517329747524,10.6872858029138,0
"704",29.2498185815708,10.7440867139674,0
"705",26.3893067046776,9.09077725732182,1
"706",20.2456866620429,7.27152199111202,0
"707",24.5161721764774,8.82544065692804,1
"708",32.6763406771241,11.5056042404066,1
"709",28.5102880766373,10.4015228204779,0
"710",20.2265188807981,7.33967037784269,0
"711",32.5277297915106,12.0527795298241,0
"712",22.7745494666887,7.96790456984021,0
"713",30.4937174925885,11.1881258547588,1
"714",38.6203602165404,13.4685107695104,1
"715",30.9390193950357,11.121182357823,0
"716",23.189366524278,8.73979789443467,0
"717",30.4248977967656,10.5706106979767,0
"718",13.0921932309235,4.53792513025818,0
"719",35.186528049467,12.903174021481,0
"720",30.9873334233301,12.1095584562873,0
"721",29.3690063360597,10.5942543586619,0
"722",38.6038376328236,13.8560792760435,1
"723",17.5963041800428,6.43258663906312,0
"724",29.262787073981,10.7437627573986,0
"725",33.4323845132513,12.628006795549,0
"726",27.413240242053,9.81217051115243,1
"727",23.8362339312506,9.19187249244623,0
"728",26.1813249360516,9.3441360053846,1
"729",30.6655178478567,11.8032470519068,0
"730",31.0498303704031,10.736106479109,1
"731",21.9225761672623,8.20211546789962,0
"732",31.4714213392711,10.6423592059701,1
"733",28.3836919284243,10.6620493038586,0
"734",20.1389350862113,6.72006661033403,0
"735",28.9086036987097,9.88550851689499,1
"736",22.7739723570375,8.80255709851273,0
"737",22.1853248987734,7.93027923858921,0
"738",27.5057781396586,9.88272128505696,0
"739",26.4364861187547,9.18486835088278,1
"740",34.3081152847923,12.4925168863085,0
"741",33.1651421155418,11.2792154020078,1
"742",26.5052779491377,9.13129873053138,1
"743",18.7086337807543,6.795997384916,0
"744",28.9828862891695,10.4202407119893,1
"745",32.7944471682415,13.0091486955804,0
"746",32.2461154661629,12.3831657907728,0
"747",21.6028348669783,7.200518598479,0
"748",30.501961030968,11.22800758724,1
"749",25.4529613000109,9.721403760534,0
"750",34.1874580102812,12.5106746452025,1
"751",31.4577323533945,10.632138403615,1
"752",33.8368729332723,12.342186453003,0
"753",22.2982718002993,7.76717268305351,0
"754",32.7099341827487,12.247233908377,0
"755",30.2679111391943,11.419425813213,0
"756",24.939172768564,9.25402561033225,0
"757",40.6407331539017,14.9266170127801,1
"758",31.6492929805599,11.9819563921882,0
"759",28.1691471394225,10.066072141622,1
"760",38.4966691003229,13.8965162260686,1
"761",26.7140726853606,8.36133382309202,1
"762",34.0676249099739,11.9422849332359,1
"763",36.2027937571107,13.4247206578436,1
"764",27.220159684257,9.99295673788932,0
"765",27.4009295700926,10.6159330444834,0
"766",27.0407975071202,10.0083139167568,0
"767",28.9729500820934,10.5628271774039,0
"768",24.7678888117298,8.62889121252567,0
"769",31.7824406835978,11.6577688817213,0
"770",33.5468523806175,12.297622244514,1
"771",27.6518207302471,9.22944820845798,1
"772",32.0356648833462,12.0196984910431,1
"773",30.6159132994961,11.7358698133096,0
"774",28.4010293470954,9.89195235010571,1
"775",27.2967447804542,9.41565705680042,1
"776",24.3444234650547,9.39070407650005,0
"777",26.3594850225881,9.76179527585765,0
"778",30.1645731705877,10.2335396810787,1
"779",28.3332814329186,9.87301568511553,0
"780",23.8657430391974,8.22809605781532,1
"781",35.092224327897,13.0609187583552,1
"782",33.3689400549347,11.9222960743467,1
"783",30.9956957041747,11.7966827507803,0
"784",19.2583032278091,6.97099341121957,0
"785",16.2604848951867,5.7728651107281,0
"786",32.865651199706,11.843809090129,1
"787",22.8692605603004,8.04257842658117,1
"788",34.4730751878548,12.018743771268,1
"789",25.4661034801702,9.2807146400624,0
"790",25.708180976276,9.99677926240726,0
"791",23.4328447108379,7.6249500609643,1
"792",33.0850412255453,11.7221315807046,1
"793",33.2789285285253,11.0274120434707,1
"794",32.5670942627634,12.5104200902275,1
"795",26.3754216836094,8.96167846892417,1
"796",23.928531480345,8.87801212374102,0
"797",35.6800472312188,13.4193888229615,0
"798",27.3051969267142,9.74688850504081,1
"799",24.324625199475,9.05740295935879,0
"800",31.7674066131631,11.3607005200138,1
"801",30.2248221893926,10.0779355961516,1
"802",29.3540419636642,10.1904688113389,1
"803",34.2820594032948,12.4238775556184,1
"804",22.6994088329739,7.64381450137694,0
"805",25.6877768573217,8.76835059494052,1
"806",22.9564146483854,8.59909039758983,0
"807",24.6286499401566,9.18390650969658,1
"808",35.2358720405367,12.9848462965278,0
"809",27.0892809461708,9.62837970766649,0
"810",23.8121661951396,8.40203575641543,1
"811",34.6647421022669,12.5468311886141,0
"812",22.5450083518951,7.84731576151748,0
"813",20.7976458522412,7.87935671221161,0
"814",21.0347338434764,6.5074283264233,1
"815",25.4381767948097,9.73625973701683,0
"816",23.0056797607846,7.75954119065033,0
"817",25.2557140401517,9.5606486475142,0
"818",35.0160975543909,13.3727988956358,0
"819",22.9816809497963,7.65339958448968,1
"820",23.2692913342429,8.01932561536175,0
"821",22.4899858883624,7.35771955567044,1
"822",27.7666784703765,9.45412190037675,1
"823",21.7087832199252,6.51487396691382,1
"824",29.8323977675892,10.1967239894262,1
"825",36.9993397812375,13.7326931933841,1
"826",28.3658118209341,10.0649107402211,0
"827",31.611289039426,11.195630973903,1
"828",26.4486875680478,9.74573636034044,0
"829",25.071372240992,9.9093620392304,0
"830",31.5263051632792,11.6837257681141,1
"831",21.0566114989255,6.94106339194616,1
"832",22.8106411671731,8.02880550895396,1
"833",27.22355100291,9.21770428216283,1
"834",26.7403391454831,8.91570221077581,0
"835",24.7765619890206,8.77758239733008,0
"836",29.2883016080745,10.424243816954,1
"837",22.0217089074912,8.17435243493271,1
"838",17.6427230886628,5.60490729662574,1
"839",33.4449130963111,12.9983797742759,1
"840",25.3966111595196,8.52694667686616,0
"841",26.013788466505,10.1370894267058,0
"842",29.7289674769066,10.2740945227806,1
"843",27.1248061947445,9.45117559734518,0
"844",33.1188524156632,11.8745874461207,1
"845",25.0244781216284,9.09735608534116,1
"846",31.2807597627745,11.8085180042237,0
"847",27.4412617456522,9.61088345877333,1
"848",25.5961403487842,8.68993641557774,1
"849",22.9229172802898,8.40983910490888,0
"850",21.5235534051997,8.19420401749204,0
"851",23.7720642980691,8.51131304504684,1
"852",29.2299249254457,9.61384618405612,1
"853",28.6854820005918,9.50195723766531,1
"854",30.9765923963356,11.1865984528737,1
"855",27.6078967763899,10.3238067889356,0
"856",17.7802867764229,5.56215043619931,1
"857",27.8338017395628,9.47893887928953,1
"858",16.0216453244825,5.539121001053,0
"859",22.3865575350022,8.23612081361893,0
"860",20.7243389017419,7.98135049404219,0
"861",28.6536273712326,10.0844222274296,1
"862",28.2349237261974,10.8221552853999,0
"863",31.7701272941883,11.6790719995663,1
"864",36.3407536640681,13.8733695953964,0
"865",28.5690175202263,9.96716188401439,1
"866",30.6001438032404,10.3173298128653,1
"867",23.8172359045199,8.2432247876065,1
"868",27.617540318053,10.0497642234237,0
"869",18.471630972757,6.3391919835369,1
"870",31.5504729326152,11.008281499653,1
"871",19.1244742729487,7.10075724476203,0
"872",35.7631187943362,12.5463989987132,1
"873",29.1395338677995,9.86469419822336,1
"874",20.2350258352607,7.12794552286351,0
"875",36.6956806509995,13.1570293883446,1
"876",29.8567771045425,11.0370270715761,1
"877",31.6393774915172,10.7491341143761,1
"878",31.7216867809565,12.6672657443336,0
"879",20.8667287687799,7.89893458965297,0
"880",28.9174175254774,10.6253278019059,0
"881",21.1655565769611,7.25119776599804,1
"882",29.4657470667303,11.3666936854908,0
"883",34.1935464803076,11.3630405933958,1
"884",24.6657181734921,9.13438904747739,0
"885",22.9496788224649,7.71873593349353,1
"886",24.3214979540002,9.00696326240806,0
"887",21.6964796149783,8.24849092736835,0
"888",23.3751472585604,8.63357920435737,1
"889",34.8063158284686,11.8454389581457,1
"890",21.4253659268789,8.7869343516999,0
"891",21.064371728134,7.35785814128316,1
"892",37.2579274200187,13.3342328802808,1
"893",19.2207892562373,6.90624402953054,0
"894",25.7733439615782,9.34748111151571,1
"895",33.2551553707328,11.8360578672434,1
"896",26.0780794026746,9.16057835484363,0
"897",26.4248491407411,9.63667338446986,0
"898",30.8094830329442,11.321925371586,0
"899",22.2062489868719,8.40798251335212,1
"900",30.5378633378673,10.8166391797025,1
"901",25.8778689345814,9.5731516571335,1
"902",30.8482337528801,10.6763223008829,1
"903",27.9054645691937,10.9115530232216,0
"904",32.1816757530155,12.6459470305067,0
"905",32.6603038824591,11.1405124964558,1
"906",28.3949363600537,10.5240485801157,0
"907",37.2501345003833,14.2517587701796,0
"908",29.2787531492893,10.7457770953426,1
"909",26.8063787938002,9.73871976272908,1
"910",27.4918684887216,10.3254832584434,0
"911",26.6408657492466,9.58061703017947,1
"912",21.0135483982515,7.34579073687292,1
"913",38.4261957593839,13.9458972261993,1
"914",35.7752569322282,12.1138826624637,1
"915",17.6352966392943,6.31386777016594,0
"916",32.386061794442,11.28689545961,1
"917",29.7909485600497,10.2271285462677,1
"918",25.2422145339498,8.99259224465381,0
"919",24.0360315761417,8.62449803807874,0
"920",33.6583151111924,11.9973262533369,0
"921",27.7292316352111,10.8234712385946,0
"922",21.0978607782923,7.37095613135815,1
"923",33.2490892698514,12.5282281412154,0
"924",28.9610327305768,10.5502560371956,1
"925",21.4826000022575,7.58260449848371,0
"926",28.5457365842321,10.5141942985745,0
"927",32.7174274509266,12.1721905430676,1
"928",30.287757320281,11.0440873970831,1
"929",30.3127698491297,11.5371770305367,0
"930",31.0278453015063,11.5034898611892,1
"931",36.9393204803693,12.8817368622333,1
"932",25.5489816252385,9.69535537053421,0
"933",21.8416834365418,7.83283578433878,0
"934",28.860186716964,10.4302840291113,1
"935",31.3940359454058,11.385107706229,0
"936",34.9899878031075,12.5164309318967,0
"937",34.7057706761023,12.210984084866,1
"938",34.0803441953212,12.8021080402598,0
"939",30.4199327081963,11.4052144834785,0
"940",30.6430296578338,11.0548172664477,1
"941",25.2199300491968,8.43711421863049,1
"942",17.3295927867176,6.00086610226668,0
"943",29.1507097514989,9.55131887451402,1
"944",24.8435705490251,9.46134398086036,0
"945",8.13086411165691,2.71572214638938,0
"946",28.5496826718319,9.33049449354064,1
"947",17.7398826961906,6.37887685323107,0
"948",27.4311616813002,9.70584713499194,1
"949",22.286136586899,8.04040341731863,0
"950",20.7134594898816,7.59878051919741,0
"951",16.0729876904927,6.11039643384217,0
"952",28.2998709097976,10.8840341037649,0
"953",17.2364445036234,5.13465558451714,1
"954",30.0802298962751,10.637378500755,1
"955",25.7521127600001,7.93634306685072,1
"956",29.5713308351429,9.57881992881661,1
"957",22.8191497421334,8.11567549983368,0
"958",26.3279105213168,9.34874876096181,0
"959",24.3979981395356,8.1524140924558,1
"960",33.9877668952061,12.2982547914714,0
"961",23.0137545694961,7.19322314923944,1
"962",29.5894370348532,10.4456896351417,1
"963",30.7987716487433,11.5348338258457,0
"964",33.5011936953414,11.6462207079555,1
"965",18.0367047700087,6.37525560950348,0
"966",17.1500057973001,6.28580354939299,0
"967",31.8127093364912,12.2370063434708,1
"968",21.2125330644573,7.55012437359,1
"969",23.4614465548362,8.94498114756943,0
"970",23.7678705176423,8.45118496985961,0
"971",28.2069704553143,11.1777932220841,1
"972",27.4097293019515,10.0121182310936,0
"973",11.1702760336433,4.05620477459652,0
"974",28.2725825808324,10.6098463869748,1
"975",33.2470273188242,12.1410483746115,1
"976",29.2628386256829,10.6836575673687,1
"977",30.3998118454047,11.1591056951738,0
"978",36.2152761227815,12.791009171382,1
"979",26.9017144855463,10.1341382626036,0
"980",27.9922562220165,9.8456385511212,0
"981",21.1239932502595,7.9707639768061,0
"982",26.9555599670854,9.51267543168319,1
"983",14.3137226748428,3.80320480307313,1
"984",24.2457394064539,8.79269125049879,0
"985",32.1299588332392,11.3087985120489,1
"986",29.4027237710348,10.3101543187021,1
"987",23.6762239460705,8.3342942295732,1
"988",24.7056740875283,9.57799246327588,0
"989",24.9153379383461,9.32925872741536,1
"990",24.1767027365661,9.32493894148675,0
"991",26.8133998236379,9.0759464916453,1
"992",25.4706971305392,9.57634158772926,0
"993",29.9753660206777,9.94093211290703,1
"994",18.9576129789039,5.96292726085183,1
"995",28.1320631209047,10.4091780368277,0
"996",20.7682111953638,7.17982771810219,0
"997",32.2505683614282,12.1657915941521,0
"998",33.2301084281146,12.104120580526,0
"999",40.396951512181,13.7816334259901,1
"1000",28.551119744265,10.7417968776178,0
