"","p.fresas","p.vitam","p.musc","p.horas"
"1",65.5470723938329,6.47749750860633,4.98530591097443,20.8437944334862
"2",85.2141033028102,10.4844982055163,5.57689665690029,25.7707009590017
"3",73.8484335662628,11.1242561945301,5.3866793495587,19.6271823207377
"4",65.6665822960529,12.6018397030643,3.72540818312507,14.4159890730427
"5",68.247926333474,9.44967821661066,2.94323152099174,20.6677228101597
"6",75.7295348245109,7.88334506166172,4.84694202516063,24.2298064852932
"7",60.2461955126468,11.981533341416,3.38066338529578,12.1864021666549
"8",59.858821202955,12.8718691491145,2.71445844666009,11.5872386328686
"9",65.9523064051874,9.10889097429886,3.59308101089424,19.0938146633722
"10",76.4661185767602,10.6025949357111,4.93343163444219,20.430031169616
"11",68.3685990610965,10.0804097345957,4.06234019428578,18.1990128959816
"12",59.4887799542585,7.9422182725486,3.72280328026131,16.7680816560487
"13",54.2195181845902,11.1143878803029,2.9115496208,10.4827347126155
"14",57.8909436566563,8.75547941607616,3.71679756422924,15.3863362877796
"15",51.9559146168107,7.38040870695144,3.57026178793379,14.2344023618089
"16",55.3116332378902,9.82148444620173,3.04054966295649,12.742190256536
"17",82.4295269313795,10.7176606271413,4.98736820593446,24.3352688408671
"18",63.7546497866114,9.03506906538086,3.89784429038935,17.2056980926699
"19",72.9470986993831,9.31346223341861,4.55137244288947,22.1512293850223
"20",73.8340394348982,11.6893251602641,4.15057411683796,19.3908262300146
"21",67.6716526894195,7.28112752288742,4.52782021889565,22.8353435751696
"22",60.4387803833676,9.68376947612829,3.8429171118883,14.954607549344
"23",50.8375876507661,7.7537788276592,2.30606494106899,13.0269623867759
"24",68.1557659015284,9.89751402370517,4.1015673751948,19.015985361206
"25",59.8742374567713,11.5830413570894,3.87215706472251,13.0270206015381
"26",62.7369612621749,10.6431707417177,3.50701610945588,15.7742473992129
"27",59.01189854657,7.62941993709118,4.51890023307328,16.7515710234917
"28",78.3731787261835,12.6233757961738,5.28880350283939,19.8567630805179
"29",50.0346000494649,9.13672882859203,2.68136995206938,11.2071004635179
"30",82.5477671186289,10.1773975570856,7.35388238190713,23.3206265573489
"31",75.4400394684397,9.85210212687609,5.96675696961105,21.7319963057504
"32",60.9490419358826,8.62565742459415,3.58457471836002,17.227507302176
"33",51.9976574967415,11.4678264650861,2.81019193527674,9.1210469954568
"34",78.4032463601531,11.7318497511127,4.79749059816359,20.374438022434
"35",79.8016493781106,12.4995924492664,2.77649930196475,21.8577559382605
"36",77.1217166300782,12.1604493295208,4.92414429384737,19.2205020740769
"37",47.7514683324673,7.7477726959307,2.91572986740789,12.3410784215448
"38",64.414293544129,8.44311240338402,3.40214648838777,18.4708993695015
"39",67.5551247174666,11.8914998642041,3.67276461693554,16.2256817645667
"40",53.9348871570511,11.5296757396698,3.06404982866255,10.3802357415785
"41",70.0454789496639,8.45743102876538,4.01511564511962,21.0805936460395
"42",79.5554227782602,11.061601172526,6.04857518270134,21.8204404669332
"43",52.880147411079,9.59377344675226,2.77678794717012,12.5158789342037
"44",60.035709633692,8.10801090040709,4.17240980851286,16.7171720174549
"45",70.4442849367355,13.5515494482485,3.01960829133742,16.4951602649541
"46",69.0916323985756,8.49523435474077,4.55774554242176,20.3334142873722
"47",83.5006237176775,11.7748292782781,4.73944533654418,24.3530388693007
"48",77.4213586892954,15.1632706293991,3.79408342147967,16.5425080600496
"49",80.4812376371625,10.6497773248446,4.38502176437302,24.0498631929095
"50",63.3828408330982,10.7872368013221,2.85406040157335,14.832381179118
"51",58.5485435260035,12.8704767953693,3.0787667496509,10.7288399142812
"52",64.0938452734983,7.27294833927989,4.41639945421926,19.9075280386491
"53",59.3824199207771,11.3382272867742,3.0246442164294,12.9653349904231
"54",72.5247186258784,12.0425653024555,4.46127881207584,17.3147660304775
"55",64.9250047064254,6.93271079984807,4.49225733933278,20.2375708830187
"56",61.1460526654734,9.99815564449972,3.7242182452314,15.3790004227109
"57",58.9381379556241,7.06303416506284,4.3906860814981,17.663679148895
"58",70.7107484101188,7.06027419890466,3.9205116609204,22.4479653324579
"59",66.7300057013228,10.400741893638,4.61569397670499,17.1497259738379
"60",70.6284947094423,13.584678990952,2.58214762776156,17.0686636934986
"61",66.7401629050282,12.5649049073259,4.74330571123327,14.7381001317789
"62",67.4919728012655,10.2979320038666,4.30786922306187,17.8493430786489
"63",67.579126113667,9.54046052167977,3.94849774500014,18.9374955709238
"64",67.0248628658935,10.0644548175156,3.59908472197672,18.1906181608784
"65",67.6609925357902,8.23862367280157,4.9322731118363,20.3249765502113
"66",56.2639077708115,8.02609616608356,3.51717851851142,15.5889533618349
"67",68.4667280131418,6.53305331599616,5.2334918415898,22.4308815174751
"68",68.6689794373517,7.70370993006555,5.42371372614729,21.2078565592093
"69",70.9626229187578,5.81849937810459,4.21304824291792,25.5759936497717
"70",58.1185640230236,12.2309615216564,2.96955456772004,10.3687291986368
"71",70.5669973267823,12.0169839003647,3.87609933138168,17.8866490829575
"72",87.3484648597234,13.5357685860283,4.58971998031268,23.3545435950533
"73",74.2369890679154,12.907851069975,4.51202327684787,17.534280931752
"74",62.8354205231504,10.6435302753474,3.6807146403892,15.72724594979
"75",54.844639967214,7.35673753590137,4.00437154732238,15.7986917440585
"76",66.9390513834928,11.8130044228578,3.34240870373979,15.8193541717262
"77",67.5158920794358,9.56512841076943,5.34438958357017,17.9994652367283
"78",82.2438229902503,12.3088427882547,5.19559512906336,22.4387672133065
"79",66.0987279203162,12.4504122321369,3.6039330652147,14.2606288695558
"80",54.2966133613917,5.96691335930713,4.21899922184195,16.9249844139777
"81",67.7347745669314,9.68362991120386,5.11981872352566,17.6849809146251
"82",61.1099432415108,6.15889521333909,4.70902984308057,19.7488390147679
"83",67.2216677415298,9.72581681808367,3.99418330709265,18.0521367214367
"84",47.9914808013813,8.21220392731836,3.06991665538632,11.1400871686138
"85",42.597940105438,6.85523608146985,2.94863607942026,10.5674975593765
"86",74.5778345113312,10.1481699510055,4.73931598896232,20.6253553456348
"87",64.4556028606086,11.7371789124566,3.5654803938578,14.8806359018705
"88",67.9843587036293,9.4577736134576,4.10564527480092,18.5611997451214
"89",65.364155773915,14.7095749956459,3.0628108155325,11.4257889857782
"90",77.7861284043975,14.45701199715,4.80351163067509,17.2163806929596
"91",65.6008063747755,9.18877329082526,4.71651566087234,18.526852241829
"92",71.5798112083105,11.1379565977534,2.97363816115173,19.2461276261847
"93",49.9209310043534,6.96116325472572,2.31431384690099,13.8967222697551
"94",78.2098577678386,8.826945387297,4.87412388873774,24.5123242856252
"95",55.0790585913139,9.74714475886753,3.25296644371377,13.1673211178873
"96",51.4342092674298,11.6550200267268,2.2571576941511,8.8307802869147
"97",58.2959016891087,7.65716076625326,2.85647506616025,17.7370915593105
"98",60.8575193443857,11.2933016920551,4.08341398700563,12.8292178731148
"99",58.2356540753687,10.9252041489192,3.38623447006575,13.484994039308
"100",37.5006278458925,8.36712015258731,2.15927722577132,6.19879494720493
"101",66.8642784026278,11.2460662969316,2.15338036233055,16.7149672291056
"102",67.5195526049932,9.44315162835928,3.97080416734378,18.9879839688457
"103",51.6512284860699,7.59796999598094,3.48652919132341,13.0605529807929
"104",53.9169971188376,9.31415597833,4.59571582263453,12.1234820201802
"105",51.4020214885011,8.1308527806611,4.06373083364914,11.8294295927501
"106",61.3303035553938,12.3911141430268,3.5222069878284,12.7330506075873
"107",81.1026837522345,9.95446606827737,5.29451173645469,24.614729995197
"108",49.8816305309424,4.48302175458999,3.83525975777801,16.4656888878151
"109",65.6222818942871,8.13528350161263,4.53925540521693,18.9749181069026
"110",63.5761326345521,9.06673011618636,4.39636786781413,16.4209140539787
"111",69.0105524423132,9.46091604022486,3.35950807054623,19.7745472317927
"112",59.7957145691056,7.93983649936909,3.70453950197684,16.5115679684441
"113",57.9832554144449,11.6487743673247,3.635964925656,11.710027439104
"114",71.3181828411883,7.11705589702978,5.10059443497411,22.7576282061774
"115",86.8928702077449,13.4996273681035,4.53511649024671,22.8067103644662
"116",44.0737108224689,7.10117543853627,2.38107539900619,10.9573395934492
"117",46.4240607203416,5.85978553678599,2.91439918375205,13.7514914028597
"118",68.6663440911851,7.24637229484287,6.17365147165225,21.984689498024
"119",54.3835372551225,11.4583935541464,2.46129251939453,10.3677405924796
"120",68.8880370313947,12.4805273668981,3.06175186363022,15.9678663136957
"121",80.7432853931141,11.4973200331665,5.56129496513069,22.2813947870659
"122",58.8247311047415,10.96651911245,2.59687811246272,12.0616275814496
"123",75.5285749762316,8.9355378390376,4.91629582941078,24.3145708394796
"124",79.4922371452272,10.2146695358097,5.00023833755848,23.9118461424415
"125",83.0026625796846,11.0909755550883,6.8510581443437,23.7404425370251
"126",57.4482734895024,12.1545605055761,2.17225519905055,11.7784050027778
"127",86.8384774671565,10.8843800052692,6.47056905403386,25.8022137495415
"128",77.5464901399625,12.3948362446917,4.83468948047306,19.6594453447738
"129",67.2479283935665,6.90662282970246,4.84321064225075,21.8224163717047
"130",67.7427614954066,11.0673859848495,2.70412320955816,17.1901221529088
"131",73.4565321485565,13.4942540014346,4.6465882815248,16.1651172060757
"132",70.4737547347109,11.9611487340625,3.52850661101405,17.3137277103429
"133",60.6559991921411,11.1189601431365,3.63976748298159,14.3730990385982
"134",45.1619087884406,7.14636515157445,4.23039661162892,10.3432894713731
"135",52.2735085276357,9.8438956108926,2.25624583495671,12.859045444995
"136",58.1916463280413,12.2713764204896,2.82784766830799,10.9268427532516
"137",75.6571881587942,12.2693884780644,4.61102488615548,19.8035698159017
"138",64.3297883172169,6.04589386278835,4.89273757669847,20.9699875288366
"139",68.2854824751459,5.6725224959269,6.29048550836093,23.0432140589539
"140",69.3102579964268,9.68562509591853,4.05416199632749,19.5900112433841
"141",77.1433298203093,12.7460020418901,4.06985276563581,20.5099180699421
"142",57.4044848325419,9.53258115680792,3.64558893900724,14.8488276481697
"143",44.7944805050202,6.92346851556738,2.84737446613474,11.6088693283574
"144",72.1799216207263,11.0714000707372,4.22998996195665,19.0014226196838
"145",61.0266529378407,10.234268545566,4.52031424908415,14.6715818649488
"146",79.2908416792139,10.7530722223019,6.3105744497538,22.0932624704101
"147",91.0578869926101,11.5910414925048,6.49100351571341,26.8140052331691
"148",74.0231832709694,9.74152549549147,5.25306293797842,22.0288512379936
"149",79.6196341465287,9.67250931901671,5.1936149303596,24.0729983157834
"150",65.4285152047495,10.428497522292,4.86262536785952,15.2321084746458
"151",74.758787440626,10.7919840782753,3.34908242370613,21.0707069912653
"152",64.7122447358238,5.98131582925038,4.39980485280736,21.7171467474414
"153",47.7958453436427,8.72138155355669,1.34128605463194,10.891088881525
"154",64.5475825255211,10.4396931224195,3.33296333075877,16.9473672959821
"155",65.2542783217197,8.89372432732479,4.7244170507978,17.3367912519971
"156",56.1706685021311,10.5896092164729,3.37922747591084,13.1583656060778
"157",55.4279970311059,9.12431782750171,3.08213229691115,14.3178344813647
"158",69.305755853832,10.9325773849736,3.61446246895392,18.9375641218019
"159",66.361311822496,11.0054010087837,2.90114895508931,16.8257426139063
"160",56.1541723768573,10.456355199434,3.1606470129563,12.7911501502307
"161",66.3582804971043,9.50780849325892,3.72920547169459,17.8628227545256
"162",78.3784072930911,12.3417619083483,5.90186222152707,19.7618191081243
"163",47.5561649014967,6.51464751232008,3.60301290033349,13.4590880582569
"164",68.3433490241721,9.90610350632934,3.70950505427924,18.6856075605488
"165",63.7818745447794,9.22107815307979,4.2166376048392,17.5278851464783
"166",77.4695342682319,9.83738633187337,4.99200117351358,23.1289400145325
"167",81.1004067119693,11.3667467215183,4.21056160944442,23.6134968268577
"168",52.9144242337898,10.9800078508589,3.69528141597479,9.62225816206409
"169",60.5287802097048,10.4537529409524,3.2553349318314,14.8853572344263
"170",54.3460877277767,8.76796191115767,3.84377732938183,13.7664524968219
"171",64.836374243545,9.74038823202518,3.3826783796411,17.2537192605187
"172",74.7411985777113,9.43152405162949,4.58215564256187,21.5673899352724
"173",71.9905404986668,9.37230859653981,4.70436804172629,20.1858407011873
"174",76.2215004656844,9.79472465297085,5.81753017496193,20.8942533292694
"175",55.3358281648254,10.5155070617918,3.1413054324513,11.9832322549401
"176",72.3236015751844,10.5312456441406,5.23848261225954,18.2289540376586
"177",46.500624688324,11.3042489092386,2.97759361258246,6.35715314931296
"178",51.7624187948979,11.3838866202006,1.72281903088334,9.78176816300873
"179",72.611288504519,10.5212889711035,4.87853164337719,19.7980405843511
"180",69.2381251031037,12.8752216216295,2.02887295790941,16.1039509490836
"181",73.7926682130914,16.4382748767221,1.82923073568826,13.8046733113394
"182",59.4855254152565,9.06844820719589,4.42577855287065,15.9893671222056
"183",67.0060988114145,9.52623003060326,3.17558956500066,18.6376470044957
"184",76.3758966386693,13.9099799210252,3.56577519931515,17.3633439997132
"185",51.5247321388989,9.08159668180484,3.73002217840277,11.4011789742755
"186",56.9115328896149,7.50850356830915,3.22273688315431,16.165636710981
"187",64.9878722609276,6.24375697151667,5.30666504408658,20.5104240940037
"188",91.3978019797081,8.8496978963076,6.10817863178479,30.7106724149474
"189",67.6556186819963,7.79932347019384,5.52762316597181,20.1675605375505
"190",70.6231289153137,8.19182533627423,4.16870277856401,22.6518574974334
"191",69.5869883190687,9.71785268869136,3.10295173636568,18.5666715684626
"192",52.3776130188121,8.38646674300908,2.88645773604142,13.4335733569826
"193",57.0480087415301,10.3808867503121,4.38966579233527,11.6398216453093
"194",58.2008986623549,11.1801750109104,3.93422499043074,11.9619526803834
"195",68.1332316036881,8.70921671581362,3.63663163130683,20.7572401757566
"196",46.2047216352336,8.64329813481537,2.09162494077139,10.736427194392
"197",76.4171684441332,12.024425827534,5.69619987274291,18.5252049458309
"198",75.536054620786,12.5137746221928,5.46076291927724,18.5290850733724
"199",48.4555244126235,7.8961584495372,3.82140505623437,11.2467937984585
"200",61.0677443850103,8.04676641413931,3.38064606143963,17.9331532470313
"201",51.7345277989089,7.72312665757122,2.84014556082261,13.1048748134691
"202",61.6322898199035,7.41173866199261,4.79021175012075,17.8516471761283
"203",65.7027104969347,8.35662690537061,5.44948299144474,18.8663366575146
"204",60.1004149058184,10.5863470257746,2.58957085135648,14.7878509028066
"205",83.6273037894322,12.4735718764021,5.60422096333474,22.6364541299093
"206",63.744362315646,8.85099116048595,4.42441748990287,17.0800302091146
"207",77.8121461450192,10.5315547853848,5.16932202395125,22.6353113493308
"208",65.1667121609216,9.08248047955348,4.64673335901405,19.1307651559098
"209",70.4593564171293,12.7459754844584,2.99548251984325,16.9925145668521
"210",76.0693687478384,9.51002569985879,4.81284819982968,22.4864965557784
"211",69.3622223586635,9.43587749558664,4.661267167589,19.545085565908
"212",43.697445305395,7.35548374591948,3.09332559849455,10.5054465205791
"213",41.315432986453,7.81089634015801,1.54717936612611,8.53574973238261
"214",88.166049582951,13.7856651556881,6.01540932539305,22.4355900477345
"215",63.2542795426771,8.11811995824049,3.18623547007974,19.421474392988
"216",55.063347750168,12.3917855248325,1.34316793496917,10.4996382842141
"217",56.7713231328134,10.5827998209129,4.10181393328334,12.0705139068731
"218",75.2869576360299,13.0686352940153,4.08299131725399,18.2135287295006
"219",88.4695440624835,12.0615640194332,5.83029280591728,25.8478715998864
"220",54.393407641805,10.3030344930319,3.40416826512823,11.5557414482234
"221",73.1598507235429,11.1054134782538,4.2785233185208,19.2195469302936
"222",63.1450999246387,9.69353098179766,3.99286194578469,17.0323003101896
"223",52.3629825270802,9.00563942856905,3.57771730424117,12.0430453809846
"224",44.6649954073195,5.20043450986053,2.22234096403435,14.4230852781344
"225",66.3729268652582,9.96676068805819,4.15801223667928,16.7008080249216
"226",62.9454412563778,10.6497860488313,4.50519772167046,14.6947631685404
"227",50.7567264983057,10.3076633865303,2.73464873358045,9.67647527304622
"228",52.4779900861054,5.25663587906062,3.52856746584754,16.9382009834507
"229",71.5035565083978,9.20418398666508,4.71800624391482,21.5853474119149
"230",57.578454355015,8.42944948977454,4.79230981224869,14.659874555556
"231",77.2318593383951,10.1092367732254,4.98500829243509,22.0037709632733
"232",78.4946316299606,9.63863675965035,4.66155283390287,24.8328495938225
"233",58.5871076939323,7.51574327501843,3.22383123396352,17.1201136530994
"234",71.9058753434587,11.0642146250828,3.8718617671741,18.0088894782473
"235",51.9848781888489,9.18087346132684,2.85816682118757,12.2348565537368
"236",54.7514084024717,10.3398305493673,2.67169225347479,12.2710987613343
"237",65.5945856309417,9.33293701454378,3.59104082683339,17.8820476019404
"238",63.4936427164315,8.32778163630625,4.33836077342875,17.9633843938513
"239",76.4409611026927,10.5348824490811,5.37566580688291,21.1124458546642
"240",49.0735225775926,8.16301009961888,2.74045062239689,12.0236773912828
"241",77.8593226922117,13.9020463643987,3.8623344225542,18.9570451172732
"242",73.5067488062991,8.95609310973149,4.43076886318919,22.5985628011189
"243",52.6252581719388,10.2154293328424,3.53345602198703,9.95512747655592
"244",55.5134049793994,12.4659885748926,2.59328546086628,10.3690213361005
"245",57.3032718916609,8.6704692323085,4.33496366125992,15.2017533784651
"246",56.5625197520415,6.22036457298124,4.05215958670636,17.0917960784504
"247",75.1603703269444,6.18950152496303,6.96552900809438,25.3382219522906
"248",56.2712059000782,8.07200903363233,3.78237356189516,15.4132745589626
"249",56.4386608860046,10.5159724873269,2.34661144576378,12.9062378489412
"250",74.9818713201586,13.9261642295048,3.11055093899125,18.1746633566783
"251",43.9797231379846,6.56222916741764,2.19808601132519,11.7725928178231
"252",56.2528163952846,13.6258437787578,2.47482716551993,8.51113905277497
"253",54.860384961848,6.67106598302984,2.63973546991983,17.0528055027878
"254",78.8024392865254,12.8423094958844,4.99943914858127,19.8114392696141
"255",57.4520978323377,7.32055983990374,4.13522587952841,16.7712918765573
"256",74.8312234009954,12.9265191227587,4.99910561445191,18.2211186413355
"257",72.2244473189714,11.1413410343511,4.57852812077274,18.9737777277379
"258",67.1519434994851,7.04574593891332,5.15608336979971,21.717038287037
"259",61.8166647064076,7.80126419645705,3.28557929081963,17.8455456548469
"260",66.3920061878374,9.45277146982242,3.92546268800463,18.1687504807982
"261",74.7750061601068,10.3176340428619,6.01636383916613,20.2594812611819
"262",47.4747352622732,10.7348839649902,3.48603563998563,7.76134159558364
"263",77.8400894076384,8.07177393275768,5.46850479304428,24.200053753587
"264",63.1505530428009,8.99162149329115,4.06466760653918,17.4460804746778
"265",71.4951478301627,11.6443091667235,4.19923740989162,17.8375843219789
"266",67.5562545217985,10.1827469203055,4.68995338294042,16.7314001144418
"267",66.8286083248321,8.32264858554392,4.31016088630353,19.1358946898228
"268",63.3520469249091,8.26002107873274,4.85246164180981,18.3210434673365
"269",54.2211673632819,7.64698393760108,3.42894303168195,14.4463498047817
"270",64.1441333313663,9.67937637239395,4.46299407040609,16.6161024099884
"271",59.5440205077235,9.3460506504197,2.66340815675024,15.3516254085707
"272",63.0693139160532,9.75879236729092,4.7747963156685,14.923070522927
"273",53.6897304720107,8.666238995471,4.00148590690794,12.8533452035103
"274",71.9104699450153,11.6833243827789,4.58904207226023,18.6012731739693
"275",60.4194888958013,9.1994386456938,3.35425303818004,16.2830077796968
"276",74.1016374977646,14.5586410097983,3.50458908439716,15.8711585240425
"277",57.1367777707132,6.61951826150421,3.79277889500108,17.8633786188481
"278",64.7390067128176,11.7580470661332,3.5890537543698,15.231464861859
"279",64.8943301569092,12.4097300891949,3.62133524569896,14.1960039096285
"280",69.1381487135472,11.9929075029944,4.42295745567679,15.9732548101591
"281",66.3303971416571,10.320792687722,5.08573574303045,16.990958347701
"282",89.3466517797988,13.823141496192,5.12597226113903,23.437607819718
"283",80.1098003261237,9.88579478106562,5.05400566687321,24.8320468757985
"284",64.0783563225924,7.51691558573747,4.65490432710112,19.635678606266
"285",61.1140023493841,11.3240091676464,3.89629244069895,12.8189961448053
"286",73.2266262163144,10.295418535247,5.21885478440774,19.9210291286214
"287",70.4228914261764,9.39764653180156,3.54520883664416,20.9243559239495
"288",84.6345335364609,9.0102299296796,7.00766628000659,26.1862461873463
"289",64.1686159432311,10.8014959438705,3.92049065733401,15.4781259190363
"290",57.9817943355404,9.78476642696557,2.72960494607654,13.4603494943032
"291",63.0463465238903,10.8238278583754,3.64772024011856,15.2502435575611
"292",62.1285607373394,10.5206385005833,2.88646920636945,16.1064571356535
"293",63.4405885959941,6.21081981641095,5.06772113824376,20.7432473738044
"294",55.289332145471,7.35097790289305,4.71191913350626,15.6412012155627
"295",47.4086008954824,8.67668027664509,2.4450837791584,10.9535567819343
"296",64.1788419806102,10.5871049806926,2.71375518947621,16.677428888993
"297",68.5718654760527,12.5298321840418,4.41874852584069,15.1220447735963
"298",74.7981354127797,8.89065042375114,5.5927553916938,23.5279198040177
"299",78.7544056633348,11.8017394628046,6.6638283037532,20.3020765784206
"300",72.8742937433934,8.80161271362772,4.24872998052388,22.1096194843817
"301",77.7649273107404,14.7632817100172,3.93357728575613,16.4712934662831
"302",63.7352606902002,11.2617636248544,2.81331388137623,16.6124279061548
"303",76.0578090020933,9.31308065191969,5.20904039793144,23.4788262038766
"304",73.1393806126449,13.3986179265142,4.7684645178457,16.0998307223804
"305",49.2603251644606,8.38237827328434,2.90426142725748,12.0719695320866
"306",58.5021638280605,8.64757322678291,4.73720632976136,15.8979714516017
"307",66.0471444535343,9.94294780852153,4.59901145499506,17.1284101622799
"308",62.3000027523596,13.7653563539605,4.25691673736827,11.2443047713239
"309",58.4572048460623,9.45969997591144,4.21662935455052,13.4805531017236
"310",79.7298178708007,9.85964625702455,4.90643328415052,24.2619076748749
"311",61.9303368870566,8.19400105043364,4.58355824615052,17.0327588117281
"312",79.5685953853537,9.81729364055205,4.6292196924324,24.6343783302855
"313",65.2236201632867,12.849919002555,4.42216816571004,13.3185620791683
"314",55.8839425204752,10.0014819854813,3.49942887744561,13.0807394375222
"315",54.4966184178325,9.50633433895415,2.37433601684953,12.3291070923554
"316",69.0651632194223,11.3267498023145,3.22273313545625,17.8671024257938
"317",90.6886617721677,11.7158098101306,5.89180276548458,26.4685002975202
"318",68.1393644314912,9.61062433859253,3.47652395989642,20.2176486761826
"319",57.2517485948947,11.8839861026651,3.14404639516415,10.7185948862033
"320",65.2789213933764,9.20327256924667,4.33568439832014,17.9121508571235
"321",62.600582262834,6.30292111118605,5.49368086676391,19.4384866537999
"322",70.8617956078957,14.2491042607454,2.92920755281255,15.1476504806692
"323",66.0215328459461,8.70732364751021,5.61799658611061,18.985849699546
"324",61.9912646028684,14.5644909944762,2.0730025873895,11.0413286911361
"325",63.9551197447438,6.8733833240222,4.97346926871906,20.5702659775145
"326",72.12341270058,14.8640095992655,2.88045106213739,15.3820855426958
"327",55.0819926252752,9.43463353390915,3.71614201937479,14.2943888006947
"328",48.1736018969114,8.99265273614395,2.74174998683721,10.3220566949883
"329",52.5004856433121,5.37020492125311,3.1015383595652,17.3192331504496
"330",46.0645974766371,8.98056288905013,3.28633431529172,8.92616563063582
"331",71.6835943815866,9.65689244330073,3.68306541483044,20.115780841788
"332",68.2761859808901,12.6917277843162,4.08907685641369,14.5388098627828
"333",56.2145731227924,10.9102300273846,3.62578831690417,11.0297981248342
"334",72.2651935374451,11.0025383185114,4.85015375875805,19.4323330208806
"335",38.9420686272424,5.75552965394426,1.98212372298781,10.957609246949
"336",72.1709955789144,14.3430333891482,4.6157420268254,15.9872065641031
"337",71.6702807257558,12.0811906140318,4.31118799536799,17.484908755289
"338",34.6508703868796,5.36416629419599,2.72180200054738,7.75660273495926
"339",47.6679875250087,6.89747569562139,2.89266856075792,13.0286615195084
"340",77.141242979058,11.6706162890102,6.33402101345284,19.4404943296539
"341",76.1390431736148,10.9064609015123,3.4606494379605,21.8149589718714
"342",61.8378843296797,7.9065895671181,4.18990887709987,18.4947717780348
"343",73.0947133773688,15.6474005393461,4.52065176395564,14.6450891574569
"344",75.4864289108839,10.7490389371289,3.82890520217525,21.0453127441291
"345",57.7963822428822,10.3629739806101,3.69771517120772,13.1611410831159
"346",60.8713894002349,10.7439418843143,3.64707924604576,13.8274293375658
"347",69.838435311071,9.00312939719173,4.57336881614468,20.7610020843975
"348",67.9533418938061,8.79622986127646,4.19083945988946,19.8821634189667
"349",46.7613187559634,7.8458081768551,3.36207197868764,10.398443377054
"350",57.7843792242022,11.3947442306722,3.1677178480147,12.0437108827909
"351",62.3998022816818,9.11043477924594,4.08464925014998,17.5407117596963
"352",61.3155652150658,8.79127209450023,3.90774308073323,17.4346815201451
"353",63.3402876017935,5.81733484091746,4.46438200745089,22.0530572646025
"354",49.1948572989647,7.5598380504234,3.67889907184688,12.7613927031657
"355",68.2204333268106,8.54099963526335,5.07651827071273,19.4127133975274
"356",72.1435814099082,11.0262873454468,4.21641579763905,19.874265608704
"357",65.7792608278946,9.00902364148299,4.30747704193805,18.207859547857
"358",71.8957959625681,11.4400572712541,3.86499468722238,18.6628327006046
"359",62.6910762935711,10.9467922569553,3.14262359644869,15.8935039377787
"360",76.969855814306,12.1803027612918,3.8396147153742,20.147207918765
"361",74.5981076485298,8.856072763435,5.9253048473605,22.5466332717636
"362",59.4457769001625,11.6586086320479,3.30695243898678,12.3674115645885
"363",69.3458506620827,9.39456566275598,4.08564308829846,19.8502564730946
"364",46.5808752042881,6.30804243467271,3.3059100120336,13.0267235268906
"365",62.76858345223,9.27236612901899,3.07496802822016,17.4557966283526
"366",89.8044510245284,10.0490741188933,6.37693145241003,28.3887221616076
"367",63.9462637485505,7.54989193588427,4.52555933032412,18.937869772005
"368",75.5122616535042,13.0368451111154,4.61651346761163,18.7782181016765
"369",54.25107605212,11.2182104802352,3.20555990714358,11.2720659483741
"370",74.5659347419389,12.9655012760247,4.6379904282113,17.4390784941874
"371",58.9525295871015,8.43471470354575,2.7425929639727,16.7706452200374
"372",52.5506540087335,8.59415349314687,2.50253576164201,13.8256275639464
"373",50.3212181212713,7.13667154834687,2.483538056261,14.323739066488
"374",51.3550741568963,10.3107347575753,2.80869810583841,11.4240571611541
"375",69.7348391943764,8.65716243557408,4.79469844056871,20.4728342759558
"376",60.4192284905864,8.45937678140341,4.70307639717198,16.3189317055794
"377",64.6873155250811,8.75018287976739,4.03229726662523,18.2133348573401
"378",63.0684300597232,12.2006642736552,2.55116275942039,13.5564907079351
"379",69.7200581862899,10.0861647345327,4.74870919625215,19.5040787979693
"380",71.930446470997,9.0930331075343,6.25450623567923,20.7009876953108
"381",61.9009059266573,12.2223493058238,4.52143803495957,11.9837181262331
"382",46.9591750110326,5.34276667624491,2.73319049824807,14.2017531565256
"383",79.2393213664845,11.9735332430748,4.87326699812962,20.4415443123436
"384",49.6474008640672,8.63761804834703,2.52582513085147,10.9550134756072
"385",69.4327249793101,10.1723281572823,4.50339287114971,19.2964071819371
"386",48.7082143279645,9.31508788616281,3.18282420351536,10.599614551045
"387",52.96348882659,10.6450869024129,2.5107767329737,10.6868263332738
"388",58.4807349900594,8.66896774780963,3.15569130537801,16.3565608142977
"389",49.1364747398779,8.73475199757461,2.66582992073541,11.8257452636438
"390",76.6917056749526,12.4475779486638,4.15328818060627,20.5503828397462
"391",61.2932279809481,8.76587362694768,3.40806031397767,17.0680806292487
"392",60.7223136292657,10.4219710496389,3.97711996794921,14.9330036434348
"393",57.1655528625387,11.5614977675689,3.38673351082945,12.2466861046138
"394",64.2969473478296,6.82423939295977,5.82696729246214,19.8672168865708
"395",61.5442734136793,7.57648373177944,4.21062893429417,18.5129392046818
"396",73.7041464407192,9.18946608498622,5.07890007624835,21.7322288632549
"397",67.1322422045641,12.6443717307728,3.48516713519959,14.8671956418652
"398",76.3716504202894,9.69670543759575,5.00806743480942,21.9466058429246
"399",48.329614664357,9.75103732609127,2.58077341811397,10.8563642043276
"400",78.0049819316231,10.7440785057724,5.49763279473189,21.8085305972148
"401",42.6458041494672,7.97899723553209,1.61279525593597,9.43391133798821
"402",78.5137572776089,14.9195401854683,4.16254074547618,16.553068510071
"403",71.1076467901141,8.84405457779934,4.22067007837775,21.796699220274
"404",61.3344339263183,9.0614183897727,3.05446247386627,16.7489177200044
"405",47.4752642370647,8.76418558451598,2.80504109251592,10.1347316818072
"406",75.0469315592888,13.1098958033809,3.71290918044404,17.6102307008731
"407",64.1129598452997,12.3536269873478,3.61418351207362,13.1060132939619
"408",66.8019172599779,10.4702735053526,4.56087661443333,17.2657115260409
"409",65.8451472573725,9.02722721202687,4.74207429635688,18.3531199924532
"410",56.396752669005,7.62178607359262,4.21689312207673,15.7078221304331
"411",51.5173247905062,8.93805387693019,2.76702262796262,12.4834476062847
"412",72.9678600517812,8.81906030848435,5.40554398976849,21.7372760672127
"413",58.9047940751604,6.71574848878913,3.98424524134739,17.269302780782
"414",49.8486272513105,8.73496566963181,3.03174785357217,11.4953024825074
"415",78.5961993744497,10.6186542131131,5.01204458478587,23.1445936195313
"416",72.0550504366587,9.86225612367744,4.61629730463971,20.4737486837198
"417",66.0308459479515,12.6347260569726,2.66526464748509,14.3014989682548
"418",44.8771453867605,4.90972654023718,2.34562505255809,14.1694792882231
"419",67.1916675780684,7.16464176058884,4.2209720812113,21.4881766512979
"420",56.2691643520677,7.9470891157092,5.22219875126762,14.4314589743267
"421",60.5885121179012,9.50021884876625,3.2465439605256,16.3619047601893
"422",65.7378018986606,8.01438033416465,5.20715751340615,19.0918184622028
"423",52.9606444378879,11.6829094594291,1.84162272657592,9.89008877204599
"424",69.1254543416991,12.5962318555411,3.31669584920911,16.006991782535
"425",84.4163758966928,13.5833931491356,5.39007652699827,21.1491540871217
"426",67.8677804114248,6.19331171850186,5.4746202800641,21.4103229948188
"427",76.963179578993,12.3733719842738,5.53372162363074,18.8818157116649
"428",44.4196177502982,7.98173042829501,3.31489482927758,9.39688646703135
"429",63.9160047961763,9.48630405565845,2.87390976027425,16.921282605429
"430",72.8501309648265,11.1344402703068,4.88586447580898,18.1596686529882
"431",70.4704416527352,10.4334488878212,3.81250816148929,19.3573939731446
"432",65.238444857626,11.9582148764696,3.12309079528957,14.2300515617501
"433",70.1829650693411,6.79665415561391,4.87836403673344,23.9651642287012
"434",60.5261750279334,8.78294692372724,3.54168888164363,16.4497350525499
"435",69.6108192730328,9.58544440374154,3.65293355606329,19.4201912342945
"436",64.8920834331545,11.247958254212,4.333546663405,14.8278390751237
"437",67.9037222043354,8.80553205272324,4.44643853649049,20.1710212621798
"438",71.0563694883174,10.5386141900964,4.61384426889023,19.4277297135638
"439",46.3616582456954,8.28624839218083,2.03969598692016,10.5734110102492
"440",66.7882391391349,12.9590748847169,3.72339958453647,14.2627430640712
"441",55.5185439698109,7.24780797318726,4.45816605579941,15.76194180103
"442",72.9154084398324,9.29200155159172,4.46692371019891,21.7810799737663
"443",69.1567103465021,11.212524140522,3.37030280955783,17.362723544009
"444",56.8410884367294,9.67798526367107,3.53028221589599,13.0293641343167
"445",70.1112094494016,11.2443555514936,3.61512563440583,18.2969821834731
"446",60.6828204989792,11.8681747796025,3.12310532365617,13.1951985783252
"447",70.5505245538482,7.40701597735371,5.05652396581837,22.1509489168285
"448",64.9588962952372,8.42439726583464,4.16195427666862,18.6317079062507
"449",80.2888660486442,11.8900402762735,4.83384771151643,21.5903169567298
"450",64.7683814729968,10.9681283050543,4.3289759989313,15.9460330432949
"451",78.0349956102853,10.8798136218975,4.53094193780901,22.0830226777307
"452",67.4089435443423,10.1743221397641,2.888795860264,18.3354306498052
"453",77.696665687107,10.8874447752299,4.29736366464248,21.5628293629795
"454",79.2183878031119,11.4650785526458,5.11340893018216,21.533872157486
"455",56.0032353271715,6.66865850421636,5.0445662141285,16.4377040347592
"456",67.1644631721346,8.03584439786366,3.32178776604441,19.8238259179409
"457",54.519075936504,10.1311844222909,3.29450022105133,11.9187218647683
"458",55.1327006518729,9.75223993411359,4.13413506524932,12.724785113839
"459",70.8742801308753,12.3162132710371,4.24909772243827,17.2082612678736
"460",63.7349952142141,11.1837914060506,3.06090477610933,15.4578559524286
"461",56.2100269114196,8.87920792610935,3.1968350754384,13.7280845274697
"462",62.5506582376013,8.38864622192174,4.41370655119353,17.7528275791174
"463",62.0642321007541,8.21002172399662,3.5550932434142,18.0214572086237
"464",74.6441189889332,12.3878036805722,5.16009184567508,18.4521586554859
"465",68.1473442431698,13.692368739068,2.65350720411012,15.3409066460141
"466",73.7513688735272,9.70386300398955,5.36024363564448,20.7649506114718
"467",61.4119299214846,9.80357909765045,3.6652051079351,16.131435681453
"468",63.9570658677752,10.0122201744299,3.85446435320593,16.0913365303858
"469",64.5176000370447,10.0629599932017,3.60357311264073,16.2808553710835
"470",94.0126997173793,10.7586002753523,7.29791072063285,28.5203480439628
"471",75.9153808099001,11.7504108808565,4.76931032334692,20.2439383844562
"472",71.8208241423893,10.5452459057791,3.81023238426989,18.8600790469512
"473",60.5621847450076,10.4451758714513,3.2328435060792,14.263437777344
"474",73.8632542240624,13.0385941390387,4.38376156484811,17.3560705813913
"475",59.4909372479914,10.8556930047263,3.545181261908,13.6108732298553
"476",48.2465989754767,9.6481367664734,3.56673271751637,9.69621394625663
"477",58.6850872285519,12.3098360079444,2.98911833318977,11.0098828063657
"478",48.3531661502488,10.0568922672568,0.637942169520196,9.94030189935176
"479",79.0475110226519,12.183286395369,4.85609267595129,20.8246968526715
"480",59.4311293425357,13.2788077487286,3.05901866918278,11.1570406395613
"481",67.0731879403048,8.35093566816969,4.61931516237845,19.3765791597121
"482",72.2630847944514,12.9543915708479,3.7031521928597,17.1172468969024
"483",71.1680058172122,10.6213323780043,4.62898181027447,19.0308299545591
"484",46.933433898228,8.32247866100564,3.64229542383307,10.1393622453916
"485",67.5141659066703,7.1379102097553,5.736378574122,21.1558682630692
"486",54.2172977050725,7.1912049312433,4.09669429016478,15.5509645557629
"487",67.3387282144983,6.38741094806959,6.19922058568799,21.90513874349
"488",63.5090463781797,6.782059480363,4.0684537670289,19.6689034838775
"489",60.3151175297852,10.4474148193534,4.07140572495049,14.4589283572203
"490",90.7943719307119,16.3566385491066,5.314419136117,21.0827836689148
"491",57.0484903886376,10.0728498034218,3.43993395947925,13.3807458248437
"492",45.2637052134808,4.31495311440457,2.963187311561,15.056815958839
"493",47.8131160923917,9.5599741006789,2.67633267154568,10.3078099840948
"494",73.8905010002594,13.0550074045973,3.56471841725154,18.1892844951649
"495",49.0986714997644,8.67893068980449,2.85312669960134,10.928346414926
"496",74.5433505943573,12.4680348937897,3.44473324407054,18.7793281279757
"497",61.2601595002968,12.0745403375163,2.33832834801997,14.0013533955042
"498",57.4261185610274,5.35983997269768,3.72233405691493,19.1654367289053
"499",79.8183121853816,12.749311115761,6.48910200006716,19.2390516045669
"500",66.3812621618037,12.3713017770637,2.45445630986339,14.860641245717
"501",45.4457348294524,9.02847467563739,2.67877190920296,9.55009055129376
"502",61.0921824821424,11.1440583959119,3.72088881379081,13.3984256218234
"503",69.8526585619805,8.76236297973592,3.57095035642942,20.6660314020549
"504",94.0091560483301,12.3281967416022,5.56056608298746,27.7400660404986
"505",72.557767193123,10.1909923089097,5.121283982946,19.7689223408325
"506",54.2221688990131,7.62903849624844,4.2530260729589,15.2544858080589
"507",70.2257969948927,7.97828022444404,4.19621250069659,21.5339289767523
"508",71.4610988422858,9.31889020835944,4.36658905409954,20.3454796775401
"509",59.2125920763487,8.19968279702221,3.23418147927785,16.72422039714
"510",66.9391143873851,10.947770329303,4.20566234499371,16.3345741555502
"511",68.2468951017545,8.61913699289392,5.24937858086851,19.2176104421604
"512",64.2839568505855,10.1274763176549,4.69809390294956,15.4902644148908
"513",68.5922631426209,6.52988611247444,4.85725023497567,22.874290357811
"514",75.6529836775039,12.7042104874044,3.29650592189759,20.1490301254072
"515",55.3739462009801,12.5291228498271,2.33632335239418,9.50090658536942
"516",53.6379877182773,9.9640618690506,2.30449657504364,11.9666246044233
"517",66.5169364463882,10.0356177245108,4.02024803150206,16.8962375779653
"518",51.9021981387022,10.3457603199834,2.35790642840895,10.8377681395526
"519",69.8401722648166,9.86215515342084,4.47318180761907,18.862375260876
"520",53.1464915899742,9.47127337805675,2.78208179773749,12.7139271820965
"521",55.5927152808934,7.87714951975626,4.98871835427867,14.9998153523567
"522",78.5236231688046,14.7960385459493,4.04710504064007,17.3656611096638
"523",57.3018332982142,9.36022412398867,2.99664401951644,13.6835156174075
"524",47.1022096627704,6.06564653958806,2.56316728081072,13.5925374425299
"525",60.041417025377,7.71752576192958,3.48849915843104,17.6198500013068
"526",60.3907134778902,13.5886688631562,3.02106969455241,10.8187520955514
"527",60.9070315209598,9.24581503553491,2.89111787798665,15.3431516467647
"528",49.6434663557385,11.7367034112623,1.9289041339277,7.73501034542819
"529",55.4325894760841,5.76784968851675,3.54251739251097,17.8642997297917
"530",80.4624362077173,10.9489938939355,5.87348825391251,22.8422837013464
"531",56.859069124097,8.86923413697687,3.90569112745681,13.3452041672177
"532",87.1024903678976,14.8767929510742,5.18933576891031,21.9191211467014
"533",68.6680176531539,10.4061903924654,4.19757927630797,18.3786183659951
"534",79.9308192617745,12.4987777123178,4.97683133222095,20.8664742473759
"535",71.1796140330644,7.59130120939865,5.70321376682024,22.0952366621224
"536",67.7911930989896,8.64428488660247,5.88882457607775,18.6612298294663
"537",63.8146021010822,10.8511538272075,4.28534410242743,14.7739160775172
"538",74.7864111408528,9.93323038828414,5.05568492337842,21.0537336834089
"539",71.4914117525378,12.0198924805117,4.7284655206727,17.558144827945
"540",90.6764180623629,11.1409436516844,5.38366237933959,28.2104233710161
"541",39.5423007445024,6.21886633965205,1.92393729289582,10.8440987567086
"542",71.3540807000387,10.4133586414915,4.1275662109668,18.945910652202
"543",60.5451576356255,12.0468939591684,1.37658673994071,13.0747539735195
"544",77.009204764034,12.911672955396,4.83229171003042,19.4192214664073
"545",42.6021618756994,9.0962989425759,2.59030338449797,7.99954373212155
"546",63.9972919614378,7.61283260911575,4.04350872613232,18.8932330504918
"547",58.768420709902,9.66522953625992,4.0746166036307,13.98131172725
"548",79.2957153149963,12.0362156560894,5.07903329439189,21.0693756786013
"549",64.2020439225424,9.0514135076234,3.51259273309935,18.07494976736
"550",67.7357418243122,8.56805635586,4.27274383528355,20.3712647139903
"551",66.0416868902527,11.0729583677222,4.49966526689368,15.886853426428
"552",63.7354322052054,9.4906046966696,4.62531373600795,16.4384783600368
"553",76.6899323505793,10.6563148748082,4.27142430828408,20.9590121759651
"554",70.9045942487496,12.0637251679557,3.6392919426195,17.4179038890739
"555",58.5723641322675,12.7444863655299,3.54372599236546,10.0826081902478
"556",74.039997776348,11.8849709948295,4.28472272974465,19.1924499499488
"557",63.5817799390179,9.18652886439959,3.90646586570159,17.2215183461851
"558",77.0383494205625,12.1613483941007,3.69836600755361,19.6859034088717
"559",65.3533439604841,8.43270544544472,4.31782303164347,19.4932694869129
"560",55.6365133777876,12.8863774406613,3.38328160325523,9.0969509594158
"561",59.0490237970581,9.55241880746634,3.70145366503759,14.3827666125848
"562",58.9218284959045,7.4604030660352,4.44456346927796,16.388626269184
"563",60.8484369944949,9.03440571497408,4.9753616239572,15.6558624174247
"564",75.5689413623384,10.342515967922,4.82519882644358,21.4031021566378
"565",68.0689907455904,11.8334060278731,4.89043315659138,15.8898880691753
"566",69.4510076968836,10.4164451402756,4.04792525753085,18.2169624593919
"567",75.1377893938111,10.8793764927885,4.22980996055102,20.0747476415631
"568",68.1529542200639,11.0432913880544,2.98235451345369,17.8846171215188
"569",50.0413673743718,8.93809538163375,2.51614264286369,11.6981107051872
"570",84.9995515556006,12.9764168402286,4.87246134404016,23.125475090574
"571",66.1236951544545,10.274883120698,3.80512951574942,17.2838585296609
"572",58.2732624077469,13.4939630281544,3.13430290693012,9.73790328097277
"573",47.2425795294447,4.29823232696197,3.52648845477896,15.4341361117844
"574",62.1320584057483,8.96502068626613,4.31616407588195,16.4697005696324
"575",52.263937908876,11.0346537786556,2.66873081332358,10.2104302528287
"576",61.9997236245961,9.90965335533632,3.01698156284376,16.3860111055749
"577",61.2793621289146,10.2832359715649,4.41710683659989,14.7831060822456
"578",83.3953864983285,11.4960237062422,4.25032175047179,24.6558610037956
"579",75.1791545772721,10.3511200410925,3.78132951165209,21.5273494890677
"580",68.1765536823758,9.10195354434118,4.59104811234255,20.441168982252
"581",64.8244299507712,12.7516830353938,3.16875818128682,14.3821351289601
"582",68.0869346724828,6.40186295437214,5.94097316278458,21.8601408712695
"583",61.815813277982,7.97421244076091,2.95120125789981,17.7532076566832
"584",67.2484760149358,9.98474824029712,3.08085218759344,18.4702934084207
"585",76.45791751996,10.6531555474149,4.81607029425859,22.0671761304955
"586",64.0364940738206,9.94253750145055,2.17131632490287,17.5508549143571
"587",73.1773938964812,9.83847979048179,6.26464457906619,20.665641694428
"588",49.5496081836246,9.92945882000462,2.83146980866837,10.7892102718034
"589",58.7089553454815,8.9434715356911,4.13900331273455,14.8611200999296
"590",67.2190484903279,9.60171899186466,5.0420837958015,18.2911486093865
"591",59.5960498358259,9.52087175794177,3.13774727327916,15.0556010819897
"592",63.1557468507738,9.12003986794064,4.10667234445479,17.2239015582358
"593",89.0331521817592,10.9788810096107,6.04871373954008,27.3385764290707
"594",69.1329035800261,8.24700461088935,5.16475046836151,20.9636017369776
"595",58.5566176426687,9.4913139569944,4.85548866874376,13.6880004669527
"596",51.3171369892074,7.26955433698012,3.40716578433048,13.8813601493832
"597",65.2330713890006,11.2169239950884,4.01621595024371,15.0480820457893
"598",66.0990359728619,7.10308334115316,3.94430725036549,21.0941822134889
"599",42.7400058052791,7.54902967318855,2.51608685042443,9.35902220221941
"600",55.5945851726838,10.0564621721016,2.91289525901382,13.561005672748
"601",57.3369267286353,9.11295092139792,4.58033708458577,13.421182659559
"602",65.1545722245181,11.1071149474002,5.15105457871651,16.1460704471901
"603",49.0477461540255,8.77938856533515,2.02097467200638,10.8158863777249
"604",65.9000919685853,9.02516964147588,5.01988846134228,19.3631715684435
"605",76.7502987167084,9.22809245289959,5.68896166179193,22.9523276804297
"606",54.5404585889441,7.93850681843963,3.44304575201929,14.3539187835899
"607",79.3391348998106,9.61752197781244,4.49522755112666,23.7058511189941
"608",82.4376064902272,11.0776015338279,4.38275108466497,23.1134475038735
"609",78.1203537024688,10.4879493914999,5.03335105066428,22.4970273325086
"610",67.5179135001241,9.15973951873844,4.1260506154211,18.2428344012328
"611",56.5080853041809,10.1389365655872,3.34207625136127,13.1212148950183
"612",63.8201818480984,9.137145979691,4.53894060082794,17.0232875952425
"613",57.2990225553792,9.91295203079773,3.28715060551447,13.8233390300274
"614",81.4665594367201,12.2170501294778,4.08013819560491,21.785477467574
"615",60.6946329783521,8.80390800817237,3.67214023915909,15.8669057304231
"616",62.9558722303175,11.055590624923,2.92608196123527,15.7082686130487
"617",71.451880185723,12.4828536936149,3.8838688874941,16.5122695747723
"618",51.3848522575466,7.88228131063237,2.89534590161241,13.8021933519142
"619",89.3735901871163,12.9894358520312,5.41908514015941,24.7216371413929
"620",51.3348529614849,5.61364759474642,4.06595713780881,16.4652553451834
"621",78.3932351750643,9.5367739160322,4.80942501535345,23.593990767138
"622",65.7555992848916,8.11517974453596,5.368151695616,18.5770975552914
"623",63.7328982524139,8.60363265991298,3.63567085465863,17.8812252804742
"624",68.2512429970497,10.3050011560419,5.18325227849164,18.7998707579943
"625",70.443888789044,8.16432955626964,5.51878805803166,20.8986961459878
"626",60.6287407410433,9.57800253459929,3.45326931692041,15.8016464737442
"627",84.5442116101341,10.4440007637182,5.03987718911767,25.8150284856784
"628",57.9941866808698,10.0906908544874,3.76568524579417,13.2684296753435
"629",72.7834689915965,15.8454827186381,4.5324415282471,13.4392608454647
"630",76.7802500697558,10.1008515276393,5.57036877477804,22.8684973130402
"631",64.225119889889,10.2113738571152,3.18561953587626,16.9335750682961
"632",74.489957827082,10.6547175760019,4.13816405387733,21.0115519499014
"633",68.7770296977733,6.56250284167309,4.16086705918245,23.1562417358798
"634",88.3646795663212,10.6806807631724,6.20977494733157,26.3524254801521
"635",72.3836674171691,12.0621390906086,3.75224839247823,17.3947561322793
"636",74.4341274103238,12.6579592010187,3.64477789891544,19.3128844039185
"637",61.1122486219309,8.08353205855071,4.42967606519683,16.5765447112122
"638",70.1746473521628,9.77021582577283,6.21417963470668,18.2609715585653
"639",69.5836901245309,11.7500505421732,3.43515432911307,17.1257561126513
"640",80.4517645270792,9.63077899417364,5.11129857816622,23.7767457628302
"641",59.4558259419527,10.9183528039425,3.59473871287219,13.1579265516189
"642",62.6892983593506,8.32585489866436,4.00748403652815,17.8447731472102
"643",63.2731825170258,9.10753821472174,4.6754304631075,16.6337329141894
"644",86.5976940388182,14.5023459938004,5.18162816496349,21.4549682922395
"645",79.2712084773876,10.2758579686519,4.03721334342865,23.206140512238
"646",56.7305032193259,10.6169165917259,3.8249300822849,11.5622017159485
"647",49.4021300101518,8.6799836410112,3.13861568383347,11.3386076735633
"648",70.8639891742589,9.33462538313898,2.97850120947422,20.9356481745558
"649",66.0644399391031,9.2013492866272,5.7245739783557,17.4424024324765
"650",70.4088478342584,11.7174062854007,3.68522234895065,16.5097867785261
"651",74.8681447048187,12.8031892008575,5.52531961076055,17.396522987802
"652",69.4267121403305,12.0716263711213,4.41671002096277,16.4118403201808
"653",51.7657336024647,7.3469473921173,3.11028359448414,13.5202880602081
"654",77.1228857649152,13.1388174289028,4.38767671723444,19.3613976347129
"655",62.5447466434935,11.2537845323658,3.73231167637308,15.4153939170015
"656",59.2666536084451,12.2081978414092,3.2394413477807,10.7434618633508
"657",73.0722752484927,11.8323830389197,3.05723268862369,19.2818496588528
"658",68.4235476008711,12.7066731107469,4.08553951424349,14.6443573050089
"659",65.1022172721076,9.96114161016611,5.14621926685623,16.14897455014
"660",66.7895886112961,8.32153335779863,4.69191954858945,19.2926468565736
"661",61.9454858691879,7.79197492790445,4.94716516749489,18.0450159676484
"662",69.8939642467139,11.3624073215827,3.85126834398997,17.8590528126422
"663",46.5394243601846,9.27928854552088,2.54862677858615,9.25149924267862
"664",39.0352800798311,4.71898186019625,3.88035207431057,11.1227628907454
"665",54.0461312907124,9.72806303708637,3.09359038679072,13.3501448507456
"666",69.6137266318549,9.86974365780975,3.45523195413442,20.0332682354684
"667",56.5180207835194,8.47092369371218,2.3341385839817,15.3712632754541
"668",45.0631051068186,6.6230767062191,3.1895072073965,11.716067637873
"669",59.8344777126992,9.82745630376156,4.17980275680449,13.3542820411617
"670",57.1990714309325,8.76101380270726,3.63258103795363,15.4576091737863
"671",77.1855266510759,10.25432711665,4.75887517082846,21.9598952556803
"672",57.5433124013773,10.9816726628684,3.24813562256483,11.7723274037202
"673",59.317377792131,9.41882552596835,3.14045368536602,15.4485438916296
"674",55.7629407492989,9.1350119329915,3.81648979068704,13.0078185439359
"675",70.5511212132523,4.96773430526497,5.88150838962652,25.9479068762562
"676",61.3638408448308,6.1022241073935,3.81169792633795,19.8210882673634
"677",53.9998313723421,9.57760428829712,2.31022529410568,13.7221669334987
"678",61.6145793628328,11.3878519030931,4.4953497881228,13.1015552474497
"679",77.1709665938986,7.67859553361457,4.7502978747572,25.5703694539418
"680",55.0700166963943,10.343153785237,3.78891123080185,11.6870961165457
"681",67.7818192115135,11.4093392917001,2.95997416272123,17.1038933347139
"682",59.9704605974341,10.3282924533292,4.04520443780785,13.993011551349
"683",72.9791127422341,11.1585464958962,5.06856263325419,19.5360714271851
"684",69.8256288332019,9.82709264717253,5.39261485939283,19.8950819364087
"685",65.2772563953306,5.50822666107243,4.32449361233164,22.6963701856597
"686",89.6741274899251,13.6290301167497,4.6343858734937,23.9357791566059
"687",65.810704231556,6.4143172288558,4.76958421297958,21.6016612446169
"688",56.5657964455255,6.76975939326692,4.31172963891516,17.3697158715576
"689",63.9751937839442,9.76547933335565,4.68753863011128,16.5981874725267
"690",81.5167025993833,13.5241923152974,4.41319421657994,20.8143216155156
"691",83.9134967922909,13.1120329507927,4.545572942022,22.2325439691997
"692",64.6035061512359,9.53869722461108,2.64678442910533,17.671717943348
"693",58.5218921895114,10.3197449415001,3.02204575749064,13.4589055715284
"694",56.6071963970434,7.87010626839314,3.46938817596647,16.78279230356
"695",71.219842812808,8.53678946200788,5.027527215078,21.7979419909691
"696",72.9066952732238,11.8677445717554,5.29223023722645,17.7101564025047
"697",69.4956529967004,8.13192040565685,5.41261731305651,20.0361941715552
"698",63.9871773114323,11.6207716886964,4.76639249113515,14.632610582124
"699",72.1705484496216,10.4853993861136,4.34633821929316,20.1714069571126
"700",72.1718828168201,12.6168386968525,3.76718520669208,17.0431752944205
"701",75.9797497314422,13.9858167950184,4.36267149269671,17.4963457725968
"702",58.8267365718224,7.33032476023463,4.86076612168356,17.701233709397
"703",63.7350925290057,10.1689623211775,4.22033821101979,16.1659468679818
"704",77.2228261512998,14.1670913488508,3.60192265109316,17.9611617609945
"705",78.1832621321816,8.51811587689379,5.87111455983905,24.4585296687384
"706",77.40507926597,9.01871137582385,4.98749244456642,23.4209423622744
"707",70.9726852988504,8.77659965980079,5.21994672804326,21.2797989700454
"708",70.1939765268291,8.33005820973888,3.85536931368333,21.5115479936622
"709",45.6809417605106,5.82733684529238,3.67364036100588,11.9933033364713
"710",74.0678864429075,9.5370164193548,4.75895562858654,21.784285924347
"711",54.6294978619209,7.60386925606606,3.74317303688563,14.7200220053803
"712",65.401251827437,10.9320643823305,4.07245184519373,16.0018914935878
"713",76.2563934232511,9.95930006777573,4.42862197885096,22.0400693256733
"714",63.3822869122135,10.836146793223,3.43726023889007,15.6158878194689
"715",57.4960654566365,5.67846094792893,4.46939654598439,18.87763811933
"716",55.0876557327891,9.47852787801764,4.67799847241653,12.1635229186812
"717",69.0930796128973,10.6593125078317,4.34652099179991,17.624994071841
"718",52.6010872593693,10.0027963245131,3.25122392853206,10.6929096390333
"719",56.407918594064,4.99596364686801,4.40292985389522,19.3991523799866
"720",43.9694449026399,6.17440659312602,3.43822783646693,12.1690955174643
"721",68.8657162922085,12.3160478797303,3.12046568995959,16.7792630323993
"722",61.4535959163197,8.78610523899059,4.35780725753571,16.9239065741849
"723",56.3658543922875,8.3743157594279,3.03705295171994,15.1938288988859
"724",53.9758844854397,9.04257236166097,2.62239086315346,13.6508404103896
"725",80.0317714002993,10.9604929069174,4.25422574767933,23.3591204513793
"726",65.614191367132,9.17703901940804,4.72178968200543,17.8106103247954
"727",61.9039281075993,9.05724455770947,3.97655256169549,17.1351326992456
"728",47.864639851793,4.47161661037253,4.98294957757478,15.2737349447999
"729",57.4376216308619,7.27836332105407,4.28419661850845,15.8524525785067
"730",48.8755431241423,9.44000112797232,2.53869461986307,10.1881324615514
"731",71.9215292822996,12.6388508410115,4.71360960369695,16.754815481529
"732",82.415592001061,10.1146029645406,5.05439924515224,25.9544055314879
"733",61.4958602477754,8.67810476113699,3.95749102127136,17.9266761382492
"734",51.3792538235277,8.79278686697397,3.69173245192805,11.2584741090207
"735",68.8711032791437,15.7689173275359,3.49831592323087,11.6462388119244
"736",46.6055611441578,13.2479668884734,0.695670210822869,5.76983529527031
"737",65.5784107847076,10.2833981841954,4.86038712258069,17.4641145755189
"738",52.3997781012154,7.89902312605227,4.18813214034186,12.7132505855853
"739",69.8272063968706,12.7194841567438,4.21338236859135,15.1152105593057
"740",72.0555910107307,10.0445345641586,3.36199454673003,20.371564925976
"741",75.2483107298704,15.2410806300019,4.03196855164119,15.6019640804133
"742",81.6962433600319,13.0712909280299,5.23146375439118,21.7075822170303
"743",62.8370255609201,13.4453420073649,1.88740714257736,12.7451091197767
"744",48.8265854841946,9.77396713895536,2.73467159815861,9.56263244790511
"745",66.3521417355381,11.2635366839713,3.12191822761703,16.0650993710232
"746",48.5968126453566,10.7413318656537,1.66985664545478,9.5684039847802
"747",52.0854016502708,7.8369436247639,4.01880552420272,13.7254435975854
"748",86.4187598528333,11.7579816318674,5.47482596549831,24.5611476247483
"749",70.5168640788191,10.6417647670899,3.93751011464683,19.5359047301622
"750",63.073304843449,7.72493172594944,3.64213958553436,19.1296975567388
"751",61.9185149329911,11.528597288414,3.68119205463763,14.6546557998122
"752",70.7124101829773,11.5695200634322,3.91958706796286,17.7864420774508
"753",40.7074972034253,8.55565521018676,3.672832520229,7.51773047369868
"754",66.1044784860347,11.3839119379261,3.47012419210818,15.7721361616326
"755",69.7662534421761,9.22426223449014,5.18292295436798,19.9326121404547
"756",77.6035946195803,13.5331641481075,5.77917173829192,17.3048333065058
"757",57.9488057673824,7.80994974834509,3.30525540008204,17.1106505810871
"758",63.5330212299847,8.08726840718537,4.48553064882055,18.6796192484848
"759",80.074487768397,12.3637628157295,6.5674853566723,19.9574261125793
"760",59.6834932558571,9.25925035154416,3.25496209718773,15.4343112539245
"761",68.9624883710757,12.2021902725864,3.634358770343,16.0490775881332
"762",75.6340805875787,12.359375450799,4.34296290700132,19.051248949935
"763",59.4204942329214,11.9032335109996,3.56365175426924,12.9392414014696
"764",58.6696046669311,7.2924937618227,4.42917520962172,16.727365727048
"765",58.9230971486823,9.38320225024683,2.5697088667009,15.5993922142561
"766",58.174544219074,11.2894274974673,3.55115220054576,13.4878680887579
"767",50.3865716229447,9.673951314065,2.73209797075265,11.2076624132283
"768",54.73048577833,11.222352180789,2.82234792739061,10.4680980120031
"769",70.3538602595294,10.2073149458098,5.03517071415725,19.064011390638
"770",59.0484549498936,8.46885912046404,3.98136750960577,16.3304979468418
"771",52.8579440777696,9.65460629258797,1.25691305796984,12.4832838176695
"772",80.3339191320098,10.7615739604095,4.69729848656216,23.1894237457067
"773",76.1852249680662,10.4606375685618,5.11877516200569,21.535604128252
"774",78.7603065816771,10.8479942140409,4.16933459730603,23.0945997060561
"775",66.2533485979759,9.37097461571982,5.68535342877702,18.2217129628227
"776",62.0637800923074,8.52571467243787,4.1252813275365,18.0109455365833
"777",73.269365408026,12.208323013547,5.28822440337481,18.7207918177084
"778",61.68280408515,8.65519735770359,3.68350307672423,16.1610472709162
"779",53.9032553180402,9.25024762838989,3.31827174943445,13.3038694039397
"780",59.9246578930829,10.7896466993859,2.95926188977718,14.2766849268117
"781",75.7833868675895,9.99823112804066,5.35251164657558,21.3907419268778
"782",68.5642889114051,10.4257352532456,3.92241760666717,19.043360426646
"783",47.8705738946164,10.1268981311181,2.21046565674436,9.02972238001746
"784",69.0754280144202,8.46541007850308,3.75798228185489,20.3748384613016
"785",76.3325127676759,12.632253979985,4.81236996143081,18.4210274279509
"786",89.6394789268095,12.2367147602969,5.03578671736264,25.6040369289518
"787",71.1610092229271,11.8447586376101,4.0533655781151,17.4510402650262
"788",58.913161363921,9.28933861654173,4.52629486171289,14.2079221309859
"789",57.8108419364795,9.65978575095834,4.55637870492501,12.8665410168592
"790",59.5061684202991,10.9719404467636,3.44550346477876,13.6271723240292
"791",62.3094690506674,10.9212185162808,2.41722009179861,15.2039882196882
"792",63.4705672975336,10.5501629931647,4.04068090684034,15.7820614296714
"793",64.2090965673137,10.6955969057526,5.55811233595597,15.8083749758009
"794",62.7199761355165,11.3007274522092,4.33338973559163,14.6096861043458
"795",65.0992243953372,9.45030582206543,3.62582453689711,17.9349445977923
"796",72.9558338547611,9.49162366873998,5.43662046881813,20.3157190845494
"797",61.3403285762537,9.59802583537429,4.15818957946352,15.2935083760576
"798",59.0723002509478,9.78717833092073,4.47377107608663,13.7448590470774
"799",69.1654140979465,9.19038099785758,4.69683503652505,20.3984905717356
"800",77.1595898491167,12.2543671162764,4.05619844917899,20.1921631653096
"801",82.6262620357253,9.55841107097427,5.54613472367454,25.3102893651314
"802",45.7858743984785,7.82255323831839,2.08951816212738,11.1314704549087
"803",49.8341465075075,8.49177667630378,3.17397479042915,11.985013352137
"804",69.5689860080934,7.95312252084007,4.8134541395194,22.357997450413
"805",82.1383828377045,10.6025521868321,5.36307768114674,25.0180009200349
"806",50.4772726440545,10.2692053687637,3.99288595907076,9.50742099641543
"807",74.6994820515797,11.780957889213,5.19846676337361,19.6669524244673
"808",74.9877132056928,11.4709357399629,4.73310976943619,20.6096139483796
"809",61.1156251830168,10.7179990649442,3.44520946076053,14.4379323597608
"810",86.4219838528123,12.6605205654099,5.58781189128217,22.8870646005007
"811",85.8411292897535,7.42111820976445,6.58759084481489,29.0530817201229
"812",48.1651173671733,7.7032084844708,3.22403657808198,12.0940549430432
"813",73.7556561140657,9.09069121795719,3.94008415974731,22.0811153191126
"814",70.280289416231,11.5479942573563,4.16811762492345,18.1250763434879
"815",65.1719906217412,6.81258827534929,4.73929493012291,20.7065811810065
"816",66.1105123793146,10.1308219913893,4.7245222391478,16.7566663586253
"817",77.7683467548888,11.7786926490764,5.02407307594218,20.7521848494513
"818",75.7869559637752,10.0938507689057,4.25004395773159,22.3270949030184
"819",75.1765561060266,10.4721884705644,4.36547789369938,21.1636146747228
"820",66.4148033325928,8.57485338886716,3.88164035060827,19.685095674025
"821",78.2303525513663,7.76587000766815,6.01850952978991,25.4901128882053
"822",57.7021301617324,10.7773592479355,3.07369756320366,13.0292188204058
"823",75.7749883248604,11.3163437402752,5.22370440711266,20.3242572042096
"824",80.6436930761103,15.1507345193978,4.14857297666118,18.0800398138389
"825",64.8506800138401,11.1476122794037,3.93118273312745,15.4231381030732
"826",50.0814421052999,11.1316502414144,2.11371464305708,9.29830354625118
"827",65.2732496246227,9.50109781758779,5.02090462583617,16.8739583893503
"828",52.1016722291921,10.1691611594185,2.71920022207623,10.5370407978972
"829",70.3882223804073,12.2751592439368,3.36773280544613,16.8343611159615
"830",83.6969679181612,11.0293257817902,5.49918612240992,24.1893927216871
"831",56.7172271847929,8.75541202741433,3.81319051886284,14.8663003181309
"832",44.3672851157595,7.40182898088702,3.0153728492355,10.5427700980832
"833",74.0303237189142,9.38159173242092,3.91516430231632,22.0784781222589
"834",66.5146591258567,9.24161686777163,4.24717287930211,18.7060010839788
"835",71.4528766310996,6.85969128671196,5.73889601489791,24.2539641687006
"836",69.567414631652,10.3693109709827,3.89279809835335,18.466728426183
"837",72.5066683274797,9.5830599279776,5.38325294163933,21.0930342850751
"838",80.8323280071976,13.03345627106,4.60518163430827,20.0503209590579
"839",82.1647468519144,12.475332400413,5.56199642891489,21.4461650956542
"840",50.8648511890113,8.55429281577197,2.58403393586901,12.8525939585277
"841",55.0432476175609,12.1564029608764,3.36897771631696,9.76830927100173
"842",60.416735342457,10.8245033125712,1.87011966360579,13.9730119650042
"843",66.3051655214556,8.22579221683408,4.92771708770322,19.0605016131379
"844",77.2994870153633,8.79162256396406,6.06970554615342,23.6538908001764
"845",63.84196874337,11.2097670347439,3.87130986505065,15.0769726924831
"846",65.5485245025461,10.7284659008073,4.12158866345757,16.1255992252338
"847",64.8077933703657,6.39819617161995,5.75455776660722,20.245112123589
"848",64.3705470114339,10.9279037493657,3.04124307828547,16.3374682026206
"849",49.2527876164625,5.08104912249477,3.77813939001607,15.6407001548456
"850",43.9520106121178,10.5833354802039,2.66575214507063,7.22526434965919
"851",63.6438364495037,9.8352385744291,4.42116577669824,15.8057740605105
"852",53.848642840425,8.18285213549189,4.01568548851693,14.3662486190114
"853",77.6564529774033,9.17310405200521,4.53541068399541,24.5367866989322
"854",79.1286433904232,9.44341140419604,4.89972189598739,25.1141728183931
"855",68.8542507838844,10.9694241197506,4.74886382026651,17.6666582330307
"856",72.7606967710427,10.691294408533,4.37157786598769,19.0354781029188
"857",62.6558998487342,10.4801895902059,3.89112524214157,15.3628060095203
"858",65.4552737733975,6.44512573833041,5.46335882390617,20.4742438946592
"859",77.2512764432994,11.8368360271358,4.03209312138064,21.0273999416084
"860",92.1595960729291,11.5925147799765,6.98327781026901,26.8589553372306
"861",65.5531705895613,9.76520662027928,4.15227583977228,17.4032685155697
"862",65.0580429916391,8.74388010480354,5.30094975039039,18.6859741666805
"863",61.4265097038201,12.3145215946614,2.34811220725252,12.5213054347162
"864",65.8929486237127,7.60056340211299,4.25233958539581,20.1701449369827
"865",50.8736844144603,7.39239202076957,2.92800566457218,13.2542882878109
"866",71.7166031276253,12.9120888317778,2.96138124626081,16.6733562833599
"867",57.3393647445917,8.79038361942477,4.10721079095575,14.8689083028939
"868",65.9529817154259,9.33041656594222,3.2379669849899,18.2353627824956
"869",55.9678903363205,11.3327921835594,2.42285386584736,11.1053152023398
"870",80.6191726665462,12.9078932560245,5.00082348524145,20.4604713037631
"871",63.9166292318359,9.6555332419662,3.886134778481,16.8354124499356
"872",63.4467356621792,10.1601979962577,5.37177851408592,15.1068304403707
"873",53.8488048931183,10.7914434901317,2.37292895294559,11.2969840051723
"874",51.203900683239,8.25136219850778,2.8526453131122,11.8671467980459
"875",40.1973155598392,9.13777277419858,3.17020148844125,6.97942336071794
"876",63.5162035464806,8.91955302908828,4.33732605231704,17.1204149905072
"877",69.3288835300759,8.578238685107,4.0901153669502,20.8713543115246
"878",66.4568749767023,10.7401048934987,3.92842804302227,16.7506099626907
"879",59.3328477037374,6.26939145998008,3.848238344263,19.0225379607207
"880",58.847201527849,7.27990050081732,4.59120569025239,17.8904033949924
"881",78.4390892723596,12.6604083027349,4.21021033872262,20.2102732808048
"882",69.2887048535095,11.1884110196756,4.74224441244793,17.2651905528661
"883",73.0446875979139,11.1884540731643,2.96084736251894,19.8660023006795
"884",72.0722226859735,9.81332451739137,5.36266412248208,20.4345782489437
"885",74.8765561314097,10.0528828834328,4.67431649411501,21.0897446148398
"886",64.7911570106124,11.5688539690217,4.74270915931906,15.0250458249966
"887",66.1397869926189,11.3247349863158,4.29522251580414,16.2370071586396
"888",38.4186142001567,9.00025115395687,3.45907831246894,5.58008490516056
"889",73.9756493782251,11.144919923645,5.10474824210309,19.6448889051172
"890",73.8013908228667,13.9428528829642,3.94440695963918,17.2800139071613
"891",54.2750745506816,8.58961317729577,3.6460064427546,14.1033764375752
"892",69.2125141357855,9.54715471808881,4.04361717442313,19.539596434121
"893",57.4290834862614,8.21178170180511,4.0886733084578,15.3939902933884
"894",65.5655165471802,12.3723457154552,4.60716260073976,13.2835142935999
"895",55.3132708644896,9.84030808091236,1.69440682440644,14.1044447724602
"896",63.5819089529378,11.5461306588266,3.20270635613829,15.0362685972674
"897",76.8260382618787,10.7419733486156,5.38423268586859,20.8746706662215
"898",60.54438446629,9.84076588042749,2.93617101686323,15.1912489461566
"899",75.485838081145,12.3234099697336,3.31131029925196,19.7376093483217
"900",75.5739856076132,11.599738296696,4.25883743883274,19.7918549469893
"901",54.0999736014466,9.58010838312292,5.14518829159197,11.4318758879301
"902",74.7493228690639,10.8659834023226,4.9248730052142,20.5770174566332
"903",65.8585464695548,6.09129722189432,4.34630437299437,21.7182268848087
"904",64.4467969956973,6.53052591772685,3.98437648082793,20.9408872203656
"905",64.6634767670453,12.1019766948593,3.88812511333319,15.1578591568651
"906",65.3397902307687,11.4731198822856,2.92077025724089,16.5895591071722
"907",56.1166926115931,8.58875279866012,3.51531892279686,14.9455567738752
"908",75.1676339883398,11.7422602702425,4.4346678181997,19.272008097635
"909",68.431883097037,12.592973358079,3.17822170635046,16.8214517998228
"910",68.2997232700164,8.28666807061692,3.99488367594749,20.3553354614006
"911",53.4604327123615,9.04030842828105,2.40338365760793,13.3931492252042
"912",68.3783826364472,10.9751516055315,4.13855623162584,17.6096142014114
"913",68.6587866400904,8.31549567721161,4.64383523376386,20.4621915392855
"914",60.1722475352122,8.27066104222163,4.41569412442103,16.2843091733009
"915",61.4443317966596,6.94140374501691,4.45631702068559,19.6337108171352
"916",53.3682805016804,9.50325642856441,3.89127736545844,11.5806911208764
"917",83.6045542215231,11.14218778471,6.22299211675971,24.4436879270006
"918",60.4415723235292,10.6484828430802,2.98969144742026,13.9449041890814
"919",55.6431831413753,5.68912971036055,3.80619672227896,17.2761898346924
"920",54.6959059741238,9.68082816108765,4.01192040273468,12.1986565173217
"921",84.0693344241651,12.6103413463783,5.27773438786699,21.7707349361665
"922",57.4251646792648,11.8482743285352,2.5910701854403,11.3000149977637
"923",67.6987693463649,10.025497605275,3.2686297984705,18.2171051153474
"924",69.6544249593359,10.7268930863102,3.35161385612673,18.9340453535211
"925",84.4215587799234,10.5492272470312,6.56424646214327,24.5481033196587
"926",78.4094108427648,8.56737188779514,5.34823258245083,24.8230970524566
"927",59.6127597744932,11.0866942435784,3.06473736010571,13.3264694152511
"928",60.6471759464321,11.6553160035566,3.40989254024791,13.9114785545865
"929",71.3198844260326,12.1609979725828,5.00924102480861,16.1025451950871
"930",70.282130808471,9.53065532033143,5.14452113400397,19.7638827306383
"931",54.3812376293929,8.77096221362272,3.60172899220493,13.3359957538033
"932",82.3081568410897,13.7415365769183,4.33608810444534,21.5787833831989
"933",44.1928912816534,5.69209759359443,3.83181600030974,12.4949418341859
"934",60.8897231207455,6.57105652536599,3.94010955900326,19.6719741968127
"935",68.0917121217361,11.6301522552283,3.18772753317753,16.9434491449497
"936",63.1574677200345,8.39531097491055,4.76046703725821,17.5917036471097
"937",72.925181384749,9.60781345331505,4.21844524908943,20.8668660675157
"938",60.5501703375833,9.13957019716141,4.24092136383164,15.3344095658602
"939",59.9932138285105,11.4748369747166,4.08244091957815,13.0323493199769
"940",74.1165562017772,10.4380914645782,4.44651558774608,21.4141944488318
"941",66.7113512422173,8.99501491310585,4.14655504993124,18.7193077047883
"942",41.6008917249204,5.32962112861296,3.14433379178704,11.5878784205733
"943",50.484600083247,5.25393876890257,3.05218519084674,15.3868255664944
"944",60.5605321345683,8.64572257371864,4.13001025928732,16.7211430787434
"945",61.5353413696733,8.04946708640218,4.983257752119,16.9404153139274
"946",76.6382076777155,11.9313849946003,4.05863202334453,20.2288568663683
"947",74.7007206842347,10.2267101373827,4.81853595365965,20.7474323598305
"948",65.4314809914855,11.4907322535748,2.88498373525047,15.7679226213198
"949",62.8598387135903,10.7845153830937,4.22318647714997,15.1886480959396
"950",73.7434636876925,14.7135581482768,2.58084141160185,15.5515477701167
"951",67.0876263229725,11.1660360499261,4.69664262742144,16.0780116271624
"952",66.3514368566943,10.219722058673,5.26449822164192,16.2833278128491
"953",70.8250326172706,8.45973351998472,4.47964812729915,21.805490004425
"954",68.5717139866131,10.467392687684,3.67375710730658,18.6771979200228
"955",65.077673901191,10.9242702059221,3.70261300794068,15.2564323230588
"956",75.1920990064232,11.7926071319732,3.42970307500388,20.798071093012
"957",69.8070811081675,13.0988519417442,4.9527769162772,15.4683182708758
"958",82.0897964135768,11.8032542116669,5.47900601725023,22.285845477296
"959",61.833918476522,12.5639662311715,4.25714585713575,12.1442953286389
"960",53.0308430764298,4.74732229734158,3.67268178232262,18.0378205931097
"961",64.1512764930732,10.963669268527,3.91569701854871,15.8073722473167
"962",60.6937571875466,6.22429695116023,4.7547201640675,19.2566945997681
"963",42.3490446200206,8.87885047303395,2.30748427319429,6.99012216401351
"964",60.2109578943196,11.7555220860282,2.37348280294754,13.1762929464761
"965",60.1258751933309,8.346471597877,3.83825257301559,16.420067192602
"966",97.4462122463149,10.8640871834911,6.01465733863685,30.2453093454569
"967",58.7407966993399,10.1338195536868,3.7585116824771,14.1743771825823
"968",66.3477098279833,7.89916268591194,4.50510106996557,19.9596731693883
"969",70.9348478400171,11.3514512794989,4.30089645804442,18.2626935809042
"970",76.1528475999497,13.2321873633065,5.05471500154929,17.7019995063982
"971",87.042013022047,8.86488070723839,5.93560294007178,28.0841057023265
"972",55.5990340137599,12.2924388097668,3.50266778766176,9.44333309575323
"973",72.2524118940867,12.3025947327477,4.95170194987324,17.9434303427753
"974",56.0092080020116,7.99586555295496,3.80395265121195,15.6700906534182
"975",75.5923604252034,10.7688676125213,5.10085884086126,20.7448189598784
"976",70.377366825947,10.8911111460592,4.08851908488373,18.5485593774398
"977",85.0835997609732,12.0351642112488,3.95915917851211,23.7857694103747
"978",53.2246572555124,8.97777572363271,3.16121239776545,13.1612144217966
"979",56.97711835656,9.93529651897933,2.43218342857767,13.8671593129875
"980",82.365948410303,10.7119112817983,4.64896744195698,24.3316561667101
"981",43.7558050535656,11.3263265008299,2.11537645478768,5.11162593250249
"982",66.0552837357993,9.8037722344393,4.16951916815678,18.0182210531686
"983",83.5562778824801,11.6312794365908,6.35182856319559,23.4944725073801
"984",69.2836735186797,12.6819653385605,4.41615752748014,15.4784325863725
"985",66.9553368679005,9.17897597531642,4.11923716630125,18.5621498071041
"986",67.1438438230876,10.6785267879646,4.37343979881758,16.9664443049696
"987",67.5369619372226,8.76473663112482,4.67398786288705,19.07225780777
"988",64.7104745236604,11.7239093089861,3.74366162141981,14.8262209795541
"989",62.372679376661,8.68767502568459,5.36870327290878,16.2955351162136
"990",61.8055283668674,12.2777741475896,4.37031534236236,12.3242123975087
"991",58.2900786205224,8.24719360137607,3.52151297058172,16.1233575675757
"992",72.2313934750461,9.37162871163512,5.94804918786909,20.1907005340151
"993",47.9012840024991,7.19966363793319,2.96850528456549,12.0823081654811
"994",77.4928543905689,9.90821007247156,4.51406857592028,23.7272057027283
"995",90.0681705602579,10.0208597628101,6.86066242937305,28.2769920593364
"996",69.7906705849888,10.8061591685112,4.84527810803707,17.696179919142
"997",71.3838803216388,9.97974347530353,5.53403860394625,19.6723379307733
"998",73.6903167069108,10.2256289218467,5.12362274402819,20.3657579218277
"999",40.1941264687039,6.86583355721102,4.11792193468016,8.68658464897171
"1000",76.0919361073901,12.3576332855239,3.80595757809103,18.9425200461148
